-- phpMyAdmin SQL Dump
-- version 4.9.2
-- https://www.phpmyadmin.net/
--
-- Host: localhost
-- Generation Time: Oct 14, 2021 at 05:12 AM
-- Server version: 5.7.24
-- PHP Version: 7.4.16

SET SQL_MODE = "NO_AUTO_VALUE_ON_ZERO";
SET AUTOCOMMIT = 0;
START TRANSACTION;
SET time_zone = "+00:00";


/*!40101 SET @OLD_CHARACTER_SET_CLIENT=@@CHARACTER_SET_CLIENT */;
/*!40101 SET @OLD_CHARACTER_SET_RESULTS=@@CHARACTER_SET_RESULTS */;
/*!40101 SET @OLD_COLLATION_CONNECTION=@@COLLATION_CONNECTION */;
/*!40101 SET NAMES utf8mb4 */;

--
-- Database: `toto_akuntansi`
--

-- --------------------------------------------------------

--
-- Table structure for table `bukti_potong_pph`
--

CREATE TABLE `bukti_potong_pph` (
  `id` int(11) NOT NULL,
  `id_karyawan` int(10) UNSIGNED NOT NULL,
  `tahun` int(11) NOT NULL,
  `nomor` int(11) DEFAULT NULL,
  `perhitungan_13` int(11) NOT NULL DEFAULT '0',
  `perhitungan_18` int(11) NOT NULL DEFAULT '0',
  `created_at` timestamp NOT NULL DEFAULT CURRENT_TIMESTAMP,
  `updated_at` timestamp NOT NULL DEFAULT CURRENT_TIMESTAMP ON UPDATE CURRENT_TIMESTAMP
) ENGINE=InnoDB DEFAULT CHARSET=latin1;

--
-- Dumping data for table `bukti_potong_pph`
--

INSERT INTO `bukti_potong_pph` (`id`, `id_karyawan`, `tahun`, `nomor`, `perhitungan_13`, `perhitungan_18`, `created_at`, `updated_at`) VALUES
(1, 156, 2021, 10, 0, 0, '2021-03-12 02:59:33', '2021-03-15 21:44:20'),
(2, 137, 2021, NULL, 0, 0, '2021-09-23 11:29:18', '2021-09-23 11:29:18');

-- --------------------------------------------------------

--
-- Table structure for table `jabatan`
--

CREATE TABLE `jabatan` (
  `id_jabatan` int(10) UNSIGNED NOT NULL,
  `nama` varchar(191) COLLATE utf8mb4_unicode_ci NOT NULL,
  `tunjangan_jabatan` double NOT NULL DEFAULT '0',
  `tunjangan_pph` float UNSIGNED NOT NULL DEFAULT '0',
  `tunjangan_shift` float NOT NULL DEFAULT '0'
) ENGINE=InnoDB DEFAULT CHARSET=utf8mb4 COLLATE=utf8mb4_unicode_ci;

--
-- Dumping data for table `jabatan`
--

INSERT INTO `jabatan` (`id_jabatan`, `nama`, `tunjangan_jabatan`, `tunjangan_pph`, `tunjangan_shift`) VALUES
(1, 'Direktur', 260000, 0, 0),
(3, 'Asst. Manager', 0, 0, 0),
(4, 'Manager', 0, 0, 0),
(5, 'Operator/Trainee', 0, 0, 0),
(8, 'Senior Supervisor', 0, 0, 0),
(9, 'Supervisor', 0, 0, 0),
(10, 'Senior Foreman', 3000000, 0, 0),
(11, 'Foreman', 260000, 0, 0);

-- --------------------------------------------------------

--
-- Table structure for table `karyawan`
--

CREATE TABLE `karyawan` (
  `id_karyawan` int(10) UNSIGNED NOT NULL,
  `prn` char(5) COLLATE utf8mb4_unicode_ci NOT NULL,
  `nama` varchar(191) COLLATE utf8mb4_unicode_ci NOT NULL,
  `email` varchar(255) COLLATE utf8mb4_unicode_ci DEFAULT NULL,
  `npwp` varchar(50) COLLATE utf8mb4_unicode_ci DEFAULT NULL,
  `nik` varchar(30) COLLATE utf8mb4_unicode_ci DEFAULT NULL,
  `alamat` text COLLATE utf8mb4_unicode_ci,
  `jenis_kelamin` varchar(20) COLLATE utf8mb4_unicode_ci DEFAULT NULL,
  `status_kawin` varchar(20) COLLATE utf8mb4_unicode_ci DEFAULT NULL,
  `id_jabatan` int(10) UNSIGNED DEFAULT NULL,
  `seksi` varchar(191) COLLATE utf8mb4_unicode_ci DEFAULT NULL,
  `tgl_masuk` timestamp NULL DEFAULT NULL,
  `gaji_pokok` double NOT NULL DEFAULT '0',
  `sisa_cuti` int(10) UNSIGNED DEFAULT NULL,
  `status` enum('Aktif','Resign') COLLATE utf8mb4_unicode_ci NOT NULL DEFAULT 'Aktif',
  `ptkp` float NOT NULL DEFAULT '0',
  `bpjs_kesehatan_in` float DEFAULT '0',
  `bpjs_jkk_in` float DEFAULT '0',
  `bpjs_jkm_in` float DEFAULT '0',
  `bpjs_jht_in` float DEFAULT '0',
  `bpjs_jp_in` float DEFAULT '0',
  `bpjs_kesehatan_p_out` float DEFAULT '0',
  `bpjs_jkk_p_out` float DEFAULT '0',
  `bpjs_jkm_p_out` float DEFAULT '0',
  `bpjs_jht_p_out` float DEFAULT '0',
  `bpjs_jp_p_out` float DEFAULT '0',
  `bpjs_kesehatan_out` float DEFAULT '0',
  `bpjs_jkk_out` float DEFAULT '0',
  `bpjs_jkm_out` float DEFAULT '0',
  `bpjs_jht_out` float DEFAULT '0',
  `bpjs_jp_out` float DEFAULT '0',
  `tgl_resign` date DEFAULT NULL,
  `created_at` timestamp NULL DEFAULT NULL,
  `updated_at` timestamp NULL DEFAULT NULL,
  `deleted_at` timestamp NULL DEFAULT NULL
) ENGINE=InnoDB DEFAULT CHARSET=utf8mb4 COLLATE=utf8mb4_unicode_ci;

--
-- Dumping data for table `karyawan`
--

INSERT INTO `karyawan` (`id_karyawan`, `prn`, `nama`, `email`, `npwp`, `nik`, `alamat`, `jenis_kelamin`, `status_kawin`, `id_jabatan`, `seksi`, `tgl_masuk`, `gaji_pokok`, `sisa_cuti`, `status`, `ptkp`, `bpjs_kesehatan_in`, `bpjs_jkk_in`, `bpjs_jkm_in`, `bpjs_jht_in`, `bpjs_jp_in`, `bpjs_kesehatan_p_out`, `bpjs_jkk_p_out`, `bpjs_jkm_p_out`, `bpjs_jht_p_out`, `bpjs_jp_p_out`, `bpjs_kesehatan_out`, `bpjs_jkk_out`, `bpjs_jkm_out`, `bpjs_jht_out`, `bpjs_jp_out`, `tgl_resign`, `created_at`, `updated_at`, `deleted_at`) VALUES
(8, '05067', 'NURUDIN LUQMAN ARIF', 'nurudinluqman@gmail.com', NULL, '3524222007960001', 'IKAN MUJAER I / 18', 'Laki-laki', 'TK/0', 11, 'Forming 1', '2019-06-30 17:00:00', 0, 11, 'Aktif', 54000000, 0, 0, 0, 0, 0, 0, 0, 0, 0, 0, 0, 0, 0, 0, 0, NULL, '2019-11-23 01:09:51', '2021-08-30 14:03:57', NULL),
(23, '00089', 'ILHAM RAMADHITYA PRIBADI', 'ilhamrp03@gmail.com', '926365826655000', '3506250302960001', 'DSN TAWANGSARI', 'Laki-laki', 'TK/0', 11, 'Dry Body', '2019-09-01 17:00:00', 0, 12, 'Aktif', 54000000, 0, 0, 0, 0, 0, 0, 0, 0, 0, 0, 0, 0, 0, 0, 0, NULL, '2019-11-23 02:13:44', '2021-09-10 02:44:28', NULL),
(31, '00084', 'GAGAH ABDULAH SUMARDIANSYAH', 'gagah26.as@gmail.com', '918498411612000', '3525182601950001', 'TAMBAK TIMUR DESA TAMBAK', 'Laki-laki', 'TK/0', 11, 'Forming 3', '2019-06-30 17:00:00', 0, 12, 'Aktif', 54000000, 0, 0, 0, 0, 0, 0, 0, 0, 0, 0, 0, 0, 0, 0, 0, NULL, '2019-11-23 02:53:29', '2021-08-30 14:03:57', NULL),
(37, '00040', 'EDY SURYONO', NULL, '596551200451000', '3603030604750009', 'PERUM KOTA BARU JL.GRANIT KUMALA 1/23', 'Laki-laki', 'K/3', 10, 'Forming 2', '2017-04-03 17:00:00', 0, 10, 'Aktif', 0, 0, 0, 0, 0, 0, 0, 0, 0, 0, 0, 0, 0, 0, 0, 0, NULL, '2019-11-23 03:22:46', '2021-08-30 14:03:55', NULL),
(47, '00028', 'AGUS SARMIDI', 'agussarmidi8@gmail.com', '596547174451000', '3603180211700006', 'MULYA ASRI I BLOK C1/29', 'Laki-laki', 'TK/3', 10, 'Forming 4', '2017-04-03 17:00:00', 0, 12, 'Aktif', 0, 0, 0, 0, 0, 0, 0, 0, 0, 0, 0, 0, 0, 0, 0, 0, NULL, '2019-11-23 03:53:22', '2021-08-30 14:03:55', NULL),
(52, '00033', 'ARIEF WIDODO', 'ariefwidodo.99@gmail.com', '596593087451000', '3603032703720002', 'MUSTIKA TIGARAKSA BLOK C.21/03,KEL.PASIR NANGKA.', 'Laki-laki', 'TK/2', 11, 'Warehouse Finish Good', '2017-04-03 17:00:00', 0, 12, 'Aktif', 0, 0, 0, 0, 0, 0, 0, 0, 0, 0, 0, 0, 0, 0, 0, 0, NULL, '2019-11-23 04:04:27', '2021-08-30 14:03:55', NULL),
(57, '00032', 'SUTANTO', 'sutantokristanto1712@gmail.com', '596268839451000', '3603181712730010', 'JL.KOL SUGIONO GG II NO.01, KEL.CIPTOMULYO', 'Laki-laki', 'TK/2', 10, 'Quality Control', '2017-04-03 17:00:00', 0, 11, 'Aktif', 0, 0, 0, 0, 0, 0, 0, 0, 0, 0, 0, 0, 0, 0, 0, 0, NULL, '2019-11-23 04:16:54', '2021-08-30 14:03:55', NULL),
(61, '00046', 'PARYANTO', 'pakanto728@gmail.com', '596550517416000', '3603031909780003', 'PERUM MUSTIKA TIGARAKSA BLOK C.1/25, KEL.PASIR NANGKA', 'Laki-laki', 'TK/3', 11, 'Glazing', '2017-04-03 17:00:00', 0, 12, 'Resign', 0, 0, 0, 0, 0, 0, 0, 0, 0, 0, 0, 0, 0, 0, 0, 0, '2020-06-15', '2019-11-23 04:37:49', '2021-04-06 08:36:46', NULL),
(63, '00029', 'AGUS PURWANTO', 'robanagus73@gmail.com', '596551408451000', '3603030112730007', 'PERUM MUSTIKA TIGARAKSA BLOK C.21/7,KEL.PASIR NANGKA', 'Laki-laki', 'K/3', 10, 'Dry Body', '2017-04-03 17:00:00', 0, 12, 'Aktif', 0, 0, 0, 0, 0, 0, 0, 0, 0, 0, 0, 0, 0, 0, 0, 0, NULL, '2019-11-23 04:44:35', '2021-08-31 09:20:36', NULL),
(67, '00027', 'JOKO SUGITO', 'jokosugito612@gmail.com', '596456020451000', '3603031612700002', 'PERUM MUSTIKA TIGARAKSA BLOK B.15 NO.36, KEL.PASIR NANGKA', 'Laki-laki', 'TK/3', 10, 'Forming 2', '2017-04-03 17:00:00', 0, 10, 'Aktif', 0, 0, 0, 0, 0, 0, 0, 0, 0, 0, 0, 0, 0, 0, 0, 0, NULL, '2019-11-23 05:20:09', '2021-08-30 14:03:55', NULL),
(68, '00015', 'MUJIANTO', NULL, '596549840418000', '3603122704710002', 'PERUM TAMAN WALET BLOK SB-12/5,KEL.SINDANG SARI', 'Laki-laki', 'TK/3', 8, 'Forming 3', '2017-04-03 17:00:00', 0, 11, 'Aktif', 0, 0, 0, 0, 0, 0, 0, 0, 0, 0, 0, 0, 0, 0, 0, 0, NULL, '2019-11-23 05:28:01', '2021-08-30 14:03:54', NULL),
(69, '00019', 'SETIJO HARSONO', 'setijoharsono5@gmail.com', '596739615418000', '3603292703720002', 'PERUM TALAGA BESTARI A6/19,DESA WANAKERTA', 'Laki-laki', 'TK/2', 9, 'Slip & Laborat', '2017-04-03 17:00:00', 0, 12, 'Aktif', 0, 0, 0, 0, 0, 0, 0, 0, 0, 0, 0, 0, 0, 0, 0, 0, NULL, '2019-11-23 05:36:19', '2021-09-10 04:17:17', NULL),
(70, '00045', 'BAMBANG TEGUH', NULL, '596597013451000', '3603181201800003', 'KP. KAWIDARAN RT.015 RW.003, DESA CIBADAK.', 'Laki-laki', 'TK/3', 11, 'Slip & Laborat', '2017-04-03 17:00:00', 0, 12, 'Aktif', 0, 0, 0, 0, 0, 0, 0, 0, 0, 0, 0, 0, 0, 0, 0, 0, NULL, '2019-11-23 05:44:00', '2021-08-30 14:07:24', NULL),
(71, '00031', 'SUNARDI', 'sunardi080873@gmail.com', '596739045451000', '3603180808730026', 'GRIYA YASA BLOK H 5/16, KEL.PASIR GADUNG.', 'Laki-laki', 'TK/1', 10, 'Forming 7', '2017-04-03 17:00:00', 0, 12, 'Aktif', 0, 0, 0, 0, 0, 0, 0, 0, 0, 0, 0, 0, 0, 0, 0, 0, NULL, '2019-11-23 05:50:48', '2021-09-06 04:17:42', NULL),
(72, '00005', 'KHOIRUDIN', NULL, '596597625451000', '3603031707740003', 'DSN KEDAWONG RT.004 RW.002', 'Laki-laki', 'TK/1', 3, 'Engineering', '2016-04-03 17:00:00', 0, 12, 'Aktif', 0, 0, 0, 0, 0, 0, 0, 0, 0, 0, 0, 0, 0, 0, 0, 0, NULL, '2019-11-23 06:05:07', '2021-08-30 14:03:54', NULL),
(75, '00014', 'RUBIYANTO', 'rubyara3@gmail.com', '596551150451000', '3603010908720006', 'PERUM MANDIRI RESIDENCE BLOK F 7 NO.14,KEL.JERUK GAMPING.', 'Laki-laki', 'K/2', 8, 'Forming 2', '2017-04-03 17:00:00', 0, 12, 'Resign', 0, 0, 0, 0, 0, 0, 0, 0, 0, 0, 0, 0, 0, 0, 0, 0, '2020-06-15', '2019-11-23 06:12:46', '2021-04-06 08:32:30', NULL),
(78, '00050', 'SOEGITO', NULL, '676840598451000', '3603031910700002', 'PERUM MANDIRI RESIDENCE JASMINE F-2/7, KEL.JERUK GAMPING', 'Laki-laki', 'TK/2', 3, 'Produksi', '2017-04-03 17:00:00', 0, 12, 'Aktif', 0, 0, 0, 0, 0, 0, 0, 0, 0, 0, 0, 0, 0, 0, 0, 0, NULL, '2019-11-23 06:19:33', '2021-08-30 14:03:56', NULL),
(82, '00039', 'SUPRIYANTO', 'wahanaputra796@gmail.com', '596264275451000', '3603031209760002', 'JL.SOROGO NO.2,KEL.NGELO', 'Laki-laki', 'TK/3', 11, 'Packing', '2017-04-03 17:00:00', 0, 11, 'Aktif', 0, 0, 0, 0, 0, 0, 0, 0, 0, 0, 0, 0, 0, 0, 0, 0, NULL, '2019-11-23 06:27:07', '2021-08-27 06:59:24', NULL),
(87, '00051', 'DWI SUTRISNO BELAWIKA', 'dwisbelawika@gmail.com', '806746806602000', '3517092004950001', 'TAWANGSARI GG.I NO.20B RT.006 RW.003, PULOLOR', 'Laki-laki', 'TK/0', 11, 'Engineering', '2017-01-25 17:00:00', 0, 12, 'Aktif', 54000000, 0, 0, 0, 0, 0, 0, 0, 0, 0, 0, 0, 0, 0, 0, 0, NULL, '2019-11-23 06:36:04', '2021-09-10 04:18:25', NULL),
(92, '00022', 'SUHARSONO', NULL, '596599191418000', '3603291812710001', 'PERUM TALAGA BESTARI BLOK C-7/12, WANAKERTA.', 'Laki-laki', 'K/2', 9, 'Quality Control', '2017-04-03 17:00:00', 0, 12, 'Resign', 0, 0, 0, 0, 0, 0, 0, 0, 0, 0, 0, 0, 0, 0, 0, 0, '2020-06-15', '2019-11-23 06:45:04', '2021-04-06 08:34:57', NULL),
(96, '00018', 'YOHAN SAULAKA', 'yohansaulaka39060@gmail.com', '596739011451000', '3603011601700001', 'PERMATA BALARAJA BLOK A.11.5 NO.5, SAGA.', 'Laki-laki', 'TK/2', 9, 'Forming 2', '2017-04-03 17:00:00', 0, 12, 'Aktif', 0, 0, 0, 0, 0, 0, 0, 0, 0, 0, 0, 0, 0, 0, 0, 0, NULL, '2019-11-23 06:53:03', '2021-08-30 14:07:24', NULL),
(98, '00023', 'AKHSAN', 'akhsanhpc@gmail.com', '596596106451000', '3603181102700004', 'KP.CIBADAK RT.007 RW.001, SUKANAGARA.', 'Laki-laki', 'TK/2', 9, 'Forming 2', '2017-04-03 17:00:00', 0, 12, 'Resign', 0, 0, 0, 0, 0, 0, 0, 0, 0, 0, 0, 0, 0, 0, 0, 0, '2020-06-15', '2019-11-23 07:01:16', '2021-04-06 08:35:22', NULL),
(100, '00044', 'RUSTAMAJI', 'rustamajiaji71@gmail.com', '596456806451000', '3603032705770002', 'PURI PERMAI BLOK K.8 NO.35, DESA PETE.', 'Laki-laki', 'TK/2', 11, 'Plaster Forming', '2017-04-03 17:00:00', 0, 11, 'Aktif', 0, 0, 0, 0, 0, 0, 0, 0, 0, 0, 0, 0, 0, 0, 0, 0, NULL, '2019-11-23 07:22:28', '2021-09-14 07:51:04', NULL),
(112, '00071', 'DWI ELMIK WINATA PUTRA', 'd.cumigh@gmail.com', '821130325642000', '3525150708950001', 'DSN SEMAMBUNG RT. 16 RW. 07', 'Laki-laki', 'TK/0', 11, 'IT', '2017-05-28 17:00:00', 0, 12, 'Aktif', 54000000, 0, 0, 0, 0, 0, 0, 0, 0, 0, 0, 0, 0, 0, 0, 0, NULL, '2019-11-26 01:13:40', '2021-09-08 02:40:19', NULL),
(137, '00006', 'FELICIA JESSICA GANDASULI', 'FELICIAJESSICA94@YAHOO.COM', '759264815619000', '3578105101940003', 'LIBRA NO 43A RT 008 RW 006, PLOSO', 'Perempuan', 'TK/0', 11, 'Accounting', '2016-05-08 17:00:00', 0, 12, 'Aktif', 54000000, 0, 0, 0, 0, 0, 0, 0, 0, 0, 0, 0, 0, 0, 0, 0, NULL, '2019-11-27 04:54:05', '2021-08-30 14:03:54', NULL),
(139, '00003', 'NOVIE ERAWATI SUWIJI', 'NOVIEERAWATI33@GMAIL.COM', '754577096618000', '3578115411930003', 'KENCANA SARI TIMUR VII / H22 RT 006 RW 006, GUNUNGSARI', 'Perempuan', 'TK/0', 10, 'Accounting', '2016-03-14 17:00:00', 0, 10, 'Resign', 54000000, 0, 0, 0, 0, 0, 0, 0, 0, 0, 0, 0, 0, 0, 0, 0, '2021-07-01', '2019-11-27 04:59:45', '2021-07-07 08:37:16', NULL),
(140, '00069', 'SHERIN JULIANI TEDJOSAPUTRA', 'SHERINJULIANI@GMAIL.COM', '845732239617000', '3515085307960002', 'PONDOK MUTIARA SEL 4/BL-2 RT 025 RW 011, BANJARBENDO', 'Perempuan', 'TK/0', 11, 'Accounting', '2018-04-01 17:00:00', 0, 12, 'Aktif', 54000000, 0, 0, 0, 0, 0, 0, 0, 0, 0, 0, 0, 0, 0, 0, 0, NULL, '2019-11-27 06:55:05', '2021-08-30 14:03:56', NULL),
(142, '00064', 'RYZHA ADE UTAMA', 'RYZHAADE.K3@GMAIL.COM', '719730384603000', '3515130512910005', 'JL SANGGAR MANIS 1-D/8 RT 052 RW 012, MANISREJO', 'Laki-laki', 'K/0', 11, 'Warehouse Consume', '2018-02-18 17:00:00', 0, 11, 'Aktif', 0, 0, 0, 0, 0, 0, 0, 0, 0, 0, 0, 0, 0, 0, 0, 0, NULL, '2019-11-27 07:08:08', '2021-08-30 14:07:25', NULL),
(143, '00024', 'SUTOPO', 'SUTOPO@TOTOSPN.COM', '596551382451000', '3603031605750001', 'PURI PERMAI BLOK K2/8 RT 014 RW 0005, PETE', 'Laki-laki', 'K/3', 9, 'Dry Body', '2017-04-03 17:00:00', 0, 12, 'Aktif', 0, 0, 0, 0, 0, 0, 0, 0, 0, 0, 0, 0, 0, 0, 0, 0, NULL, '2019-11-27 07:17:24', '2021-08-30 14:07:24', NULL),
(144, '05054', 'LUKMAN ARIF ABRIANSYAH', 'ABR.LUKMANARIF@GMAIL.COM', '904534104603000', '3515130510930002', 'SAMBIBULU RT 011 RW 002, SAMBIBULU', 'Laki-laki', 'K/0', 11, 'Engineering', '2019-02-10 17:00:00', 0, 12, 'Resign', 0, 0, 0, 0, 0, 0, 0, 0, 0, 0, 0, 0, 0, 0, 0, 0, '2019-12-11', '2019-11-27 07:21:31', '2021-04-06 08:38:59', NULL),
(145, '00059', 'PURWADI CAHYONO', 'PURWA.CAHYO59@GMAIL.COM', '833055403621000', '3519032507950001', 'JL PRAWIRODIRJAN DS. KRANGGAN RT 006 RW 003, KRANGGAN', 'Laki-laki', 'TK/0', 11, 'Slip & Laborat', '2017-11-19 17:00:00', 0, 12, 'Aktif', 54000000, 0, 0, 0, 0, 0, 0, 0, 0, 0, 0, 0, 0, 0, 0, 0, NULL, '2019-11-27 07:27:07', '2021-09-06 04:22:55', NULL),
(146, '00063', 'HISYAM FIKRIY', 'HISYAMFIKRIY@GMAIL.COM', '844870089606000', '3578091206930007', 'HIDRODINAMIKA 3/8 BLOK T-89', 'Laki-laki', 'TK/0', 11, 'Engineering', '2018-01-31 17:00:00', 0, 12, 'Aktif', 54000000, 0, 0, 0, 0, 0, 0, 0, 0, 0, 0, 0, 0, 0, 0, 0, NULL, '2019-11-27 07:31:42', '2021-08-30 14:03:56', NULL),
(147, '00057', 'DEDDY MOHAMMAD FIRDAUS', 'DEDDYFIRDAUS78@GMAIL.COM', '837848761642000', '3525151011950001', 'KRIKILAN RT 013 RW 005, KRIKILAN', 'Laki-laki', 'TK/0', 11, 'Engineering', '2017-08-15 17:00:00', 0, 12, 'Aktif', 54000000, 0, 0, 0, 0, 0, 0, 0, 0, 0, 0, 0, 0, 0, 0, 0, NULL, '2019-11-27 07:36:49', '2021-09-10 04:18:56', NULL),
(148, '05040', 'RENO SUNARINDA ENDRAYAWA', 'RENOSUNARINDAENDRAYANA@GMAIL.COM', '837865088621000', '3519142903940001', 'SIDOREJO RT 023 RW 006, SIDOMULYO', 'Laki-laki', 'TK/0', 11, 'Slip & Laborat', '2018-07-31 17:00:00', 0, 11, 'Resign', 54000000, 0, 0, 0, 0, 0, 0, 0, 0, 0, 0, 0, 0, 0, 0, 0, '2021-07-03', '2019-11-27 07:41:22', '2021-08-12 04:02:03', NULL),
(149, '00066', 'MOCH. ADIB LUDFIAN SHOLEH', 'ADIBLUDFIAN1994@GMAIL.COM', '855734729655000', '3506120306940006', 'DS. GAMPENG RT 004 RW 002, GAMPENG', 'Laki-laki', 'TK/0', 11, 'Engineering', '2018-02-28 17:00:00', 0, 12, 'Aktif', 54000000, 0, 0, 0, 0, 0, 0, 0, 0, 0, 0, 0, 0, 0, 0, 0, NULL, '2019-11-27 07:47:06', '2021-08-30 14:03:56', NULL),
(150, '00078', 'RIEN BATHARI WIRYAKANDHI', 'RIENBATHARI@GMAIL.COM', '807774252603000', '3515126512940002', 'DSN KEPUH RT 005 RW 003 DS WONOKUPANG', 'Perempuan', 'TK/0', 11, 'PPIC', '2019-02-10 17:00:00', 0, 12, 'Aktif', 54000000, 0, 0, 0, 0, 0, 0, 0, 0, 0, 0, 0, 0, 0, 0, 0, NULL, '2019-11-27 07:50:20', '2021-08-30 14:03:56', NULL),
(151, '00077', 'ADITYA FITRUL AZIZ', 'ADITYA.FA_IE08@YAHOO.CO.ID', '466784691645000', '3524221104900002', 'MADEKARYO III/10 RT 001 RW 008, MADE', 'Laki-laki', 'TK/0', 11, 'PPIC', '2019-01-31 17:00:00', 0, 11, 'Aktif', 54000000, 0, 0, 0, 0, 0, 0, 0, 0, 0, 0, 0, 0, 0, 0, 0, NULL, '2019-11-27 07:54:30', '2021-08-30 14:07:25', NULL),
(152, '00079', 'BAKTIYAR FREDA RISJAYANTO', 'BAKTIYARFREDA66@GMAIL.COM', '904578895603000', '3515122005930001', 'JL KARTINI 02 DSN MELATI RT 013 RW 004, JERUK LEGI', 'Laki-laki', 'TK/0', 11, 'Engineering', '2019-02-10 17:00:00', 0, 12, 'Aktif', 54000000, 0, 0, 0, 0, 0, 0, 0, 0, 0, 0, 0, 0, 0, 0, 0, NULL, '2019-11-27 07:57:54', '2021-08-30 14:03:56', NULL),
(153, '00068', 'YUDA PUJI CARISHINTA', 'YUDAPUJI77@GMAIL.COM', '912956174642000', '3525060707950001', 'KARANGLO RT 004 RW 003, DRIYOREJO', 'Laki-laki', 'K/1', 11, 'Dry Body', '2018-03-11 17:00:00', 0, 12, 'Aktif', 0, 0, 0, 0, 0, 0, 0, 0, 0, 0, 0, 0, 0, 0, 0, 0, NULL, '2019-11-27 08:37:35', '2021-09-14 07:14:29', NULL),
(154, '05029', 'ROMADLON IBNU ABDI SALAM', 'ROMADLON.IAS@GMAIL.COM', '850902537655000', '3518141302950002', 'DS SELOREJO DSN PRAYUNGAN RT 002 RW 005', 'Laki-laki', 'TK/0', 11, 'Quality Control', '2018-03-12 17:00:00', 0, 12, 'Resign', 54000000, 0, 0, 0, 0, 0, 0, 0, 0, 0, 0, 0, 0, 0, 0, 0, '2020-09-07', '2019-11-27 08:41:44', '2021-04-06 08:37:35', NULL),
(155, '00060', 'SINAR ENDAH UTAMI', 'SINAR.EU@TOTOSPN.COM', '830906657642000', '3525134208950012', 'DUSUN WRINGIN KURUNG JAYA RT 005 RW 004, GEMPOLKURUNG', 'Perempuan', 'TK/0', 11, 'Quality Assurance', '2018-01-14 17:00:00', 0, 10, 'Aktif', 54000000, 0, 0, 0, 0, 0, 0, 0, 0, 0, 0, 0, 0, 0, 0, 0, NULL, '2019-11-27 08:46:56', '2021-08-30 14:07:24', NULL),
(156, '00076', 'FRANK SINGGIH LIMENA', 'FRANK.LIEMSEN@GMAIL.COM', '800514127614000', '3578060503940004', 'PETEMON 3/123A RT 003 RW 013, PETEMON', 'Laki-laki', 'TK/0', 11, 'IT', '2019-01-01 17:00:00', 5719000, 11, 'Aktif', 54000000, 2, 3, 2, 2, 1, 1, 2, 1, 2, 1, 1, 1, 1, 0, 0, NULL, '2019-11-27 08:51:08', '2021-10-14 04:58:58', NULL),
(157, '05048', 'SUGENG SUGIARTO', 'SUGIARTOSUGENG92@GMAIL.COM', '735677965614000', '3578062305920001', 'KUPANG GUNUNG BARAT 10/2 RT 001 RW 009, PUTAT JAYA', 'Laki-laki', 'TK/0', 11, 'Engineering', '2018-11-04 17:00:00', 0, 12, 'Aktif', 54000000, 0, 0, 0, 0, 0, 0, 0, 0, 0, 0, 0, 0, 0, 0, 0, NULL, '2019-11-27 09:04:51', '2021-08-30 14:03:57', NULL),
(158, '00062', 'FUAD MUZAKKI AMNAN', 'MUZAKKIMAIL@GMAIL.COM', '715540720602000', '3516121503920001', 'DSN TROWULAN RT 006 RW 002, TROWULAN', 'Laki-laki', 'TK/0', 11, 'Forming 1', '2018-02-05 17:00:00', 0, 7, 'Resign', 54000000, 0, 0, 0, 0, 0, 0, 0, 0, 0, 0, 0, 0, 0, 0, 0, '2021-07-15', '2019-11-27 09:09:59', '2021-08-12 04:23:38', NULL),
(159, '00054', 'TANIA BONITA ROSYARDI', 'T.BONITA.R@GMAIL.COM', '802689190615000', '3578035008940003', 'RUNGKUT HARAPAN H/11 RT 008 RW 002, KALIRUNGKUT', 'Perempuan', 'TK/0', 10, 'Engineering', '2017-04-23 17:00:00', 0, 12, 'Aktif', 54000000, 0, 0, 0, 0, 0, 0, 0, 0, 0, 0, 0, 0, 0, 0, 0, NULL, '2019-11-27 09:16:19', '2021-09-14 07:51:26', NULL),
(160, '00074', 'ALFIS SYAH LAILI HERMAWAN', 'ALFISHERMAWAN@GMAIL.COM', '859034837602000', '3516181205960001', 'DSN JATIKULON RT 002 RW 001, LENGKONG', 'Laki-laki', 'TK/0', 11, 'Engineering', '2018-09-30 17:00:00', 0, 12, 'Aktif', 54000000, 0, 0, 0, 0, 0, 0, 0, 0, 0, 0, 0, 0, 0, 0, 0, NULL, '2019-11-27 09:24:43', '2021-08-30 14:03:56', NULL),
(161, '00058', 'IMAM SYAFAAT', 'IMAMMEKA13@GMAIL.COM', '838077709622000', '3571020303950001', 'JL SERSAN SUHARMAJI RT 004 RW 003, MANISRENGGO', 'Laki-laki', 'TK/0', 11, 'Engineering', '2017-10-15 17:00:00', 0, 12, 'Aktif', 54000000, 0, 0, 0, 0, 0, 0, 0, 0, 0, 0, 0, 0, 0, 0, 0, NULL, '2019-11-27 09:29:37', '2021-08-30 14:07:24', NULL),
(162, '05051', 'BAYU SAPTO AJI', 'BAYUAJI8720@GMAIL.COM', '901722173621000', '3519150609960001', 'BUDURAN RT 019 RW 007, BUDURAN', 'Laki-laki', 'TK/0', 11, 'PPIC', '2019-01-28 17:00:00', 0, 12, 'Resign', 54000000, 0, 0, 0, 0, 0, 0, 0, 0, 0, 0, 0, 0, 0, 0, 0, '2021-03-17', '2019-11-27 09:33:49', '2021-04-06 08:38:31', NULL),
(163, '00056', 'IMROATUN NURUL AZIZAH', 'ZIZAH@TOTOSPN.COM', '840472617655000', '3518036501950002', 'DS KACANGAN RT 003 RW 003, KACANGAN', 'Perempuan', 'TK/0', 11, 'PPIC', '2017-08-10 17:00:00', 0, 11, 'Aktif', 54000000, 0, 0, 0, 0, 0, 0, 0, 0, 0, 0, 0, 0, 0, 0, 0, NULL, '2019-11-27 09:41:48', '2021-09-15 02:26:25', NULL),
(164, '00086', 'BAYU LANGGENG PRAKOSO', 'BAYULANGGENG123@GMAIL.COM', '853223600602000', '3517092110940001', 'DS PLANDI RT 024 RW 004', 'Laki-laki', 'TK/0', 11, 'Forming 1', '2018-07-19 17:00:00', 0, 12, 'Aktif', 54000000, 0, 0, 0, 0, 0, 0, 0, 0, 0, 0, 0, 0, 0, 0, 0, NULL, '2019-11-27 09:48:01', '2021-09-10 07:01:12', NULL),
(165, '00087', 'GHANIY ALFANDI', 'GHANIYALFANDI08@GMAIL.COM', '554796268618000', '3578201607940001', 'BABATAN 5/16 RT 002 RW 001, BABATAN', 'Laki-laki', 'TK/0', 11, 'Forming 1', '2018-07-22 17:00:00', 10000000, 12, 'Aktif', 54000000, 0, 0, 0, 0, 0, 0, 0, 0, 0, 0, 0, 0, 0, 0, 0, NULL, '2019-11-27 09:51:52', '2021-08-30 14:03:57', NULL),
(185, '00075', 'RUDY ARNAX PRILIAWAN', 'RUDYARNAX82@GMAIL.COM', '842229114617000', '3515041804950004', 'JL KH. WACHID HASYIM RT 013 RW 004, LEBO', 'Laki-laki', 'TK/0', 11, 'Kama', '2018-10-07 17:00:00', 0, 12, 'Aktif', 54000000, 0, 0, 0, 0, 0, 0, 0, 0, 0, 0, 0, 0, 0, 0, 0, NULL, '2019-11-28 02:44:25', '2021-08-30 14:03:56', NULL),
(189, '00041', 'DARMAWAN', 'DAFFADARMAWAN81@GMAIL.COM', '596550103451000', '3603182504770012', 'KP. BOJONG RT 002 RW 001, BOJONG', 'Laki-laki', 'K/2', 11, 'Forming 1', '2017-04-03 17:00:00', 10000000, 11, 'Aktif', 0, 3, 2, 4, 5, 3, 2, 1, 3, 3, 2, 1, 1, 1, 2, 1, NULL, '2019-11-28 02:52:36', '2021-08-30 14:03:55', NULL),
(191, '00008', 'YUANI WONDO', 'YUANI@TOTOSPN.CO.ID', '597749589616001', '3578116904760003', 'TAMBAK MADU 3/7', 'Perempuan', 'K/1', 3, 'Accounting', '2016-07-31 17:00:00', 0, 12, 'Aktif', 0, 0, 0, 0, 0, 0, 0, 0, 0, 0, 0, 0, 0, 0, 0, 0, NULL, '2019-11-28 02:56:14', '2021-08-30 14:03:54', NULL),
(194, '05030', 'SINGGIH DWI HADI SAPUTRA', 'SINGGIHDWIHADI@GMAIL.COM', '904608007647000', '3502091509440003', 'DUKUH BANJAR RT 009 RW 003, KRADENAN', 'Laki-laki', 'TK/0', 11, 'Glazing', '2018-03-18 17:00:00', 0, 12, 'Aktif', 54000000, 0, 0, 0, 0, 0, 0, 0, 0, 0, 0, 0, 0, 0, 0, 0, NULL, '2019-11-28 02:59:36', '2021-08-30 14:03:57', NULL),
(196, '00052', 'NURINNUDDIN', 'NURINNUDIN@GMAIL.COM', '810634162602000', '3517131604930002', 'JL. KENANGA RT 010 RW 006, PULOGEDANG', 'Laki-laki', 'TK/0', 11, 'Engineering', '2017-01-25 17:00:00', 0, 12, 'Aktif', 54000000, 0, 0, 0, 0, 0, 0, 0, 0, 0, 0, 0, 0, 0, 0, 0, NULL, '2019-11-28 03:03:16', '2021-09-10 04:18:07', NULL),
(197, '00037', 'WINTOLO', 'WINTOLO04@GMAIL.COM', '596599498118000', '3603291907750001', 'PERUM TAMAN ANGGUN SEJAHTERA 5 BLOK I/2 NO. 9 RT 009 RW 002, BENDOTRETEK', 'Laki-laki', 'K/1', 11, 'Kama 2', '2017-04-03 17:00:00', 0, 11, 'Aktif', 0, 0, 0, 0, 0, 0, 0, 0, 0, 0, 0, 0, 0, 0, 0, 0, NULL, '2019-11-28 03:08:37', '2021-08-30 14:03:55', NULL),
(200, '05086', 'HAMDANI ABDULLOH ASCHABI', 'HAMDANI.ASCHABI95@GMAIL.COM', NULL, '3515150503950004', 'DUKUN TENGAH RT 002 RW 002', 'Laki-laki', 'TK/0', 11, 'Glazing', '2019-11-24 17:00:00', 0, 12, 'Resign', 54000000, 0, 0, 0, 0, 0, 0, 0, 0, 0, 0, 0, 0, 0, 0, 0, '2020-04-30', '2019-11-28 03:13:54', '2021-04-06 08:42:12', NULL),
(201, '05081', 'KARUNIA TAMADI', 'KARUNIA.TAMADI@YAHOO.COM', '934141375604000', '3578276706960002', 'KUPANG JAYA 1/53', 'Perempuan', 'TK/0', 11, 'Purchasing', '2019-10-31 17:00:00', 0, 12, 'Aktif', 54000000, 0, 0, 0, 0, 0, 0, 0, 0, 0, 0, 0, 0, 0, 0, 0, NULL, '2019-11-28 03:17:56', '2021-08-30 14:03:57', NULL),
(204, '00080', 'BILY BUDIARTO', 'BILYBUDIARTO@GMAIL.COM', '908473143611000', '3578070201960001', 'GENTENG BANDAR I/28 RT 001 RW 009, GAMPINGROWO', 'Laki-laki', 'TK/0', 11, 'Purchasing', '2019-03-10 17:00:00', 0, 11, 'Aktif', 54000000, 0, 0, 0, 0, 0, 0, 0, 0, 0, 0, 0, 0, 0, 0, 0, NULL, '2019-11-28 03:21:51', '2021-08-30 14:03:56', NULL),
(207, '00042', 'AHMAD SULAMUDIN LATIF RUBAI', 'ARLITAYULIANTI593@GMAIL.COM', '871607909515000', '3603182810780001', 'MOJOSIMO RT 004 RW 001, MOJOSIMO', 'Laki-laki', 'K/2', 11, 'Forming 6', '2017-04-03 17:00:00', 0, 12, 'Aktif', 0, 0, 0, 0, 0, 0, 0, 0, 0, 0, 0, 0, 0, 0, 0, 0, NULL, '2019-11-28 03:26:23', '2021-08-30 14:03:55', NULL),
(214, '00043', 'SONHAJI AMIR HAMZAH', 'SONHAJIAMIR78@GMAIL.COM', '596551176451000', '3603032808780008', 'PERUM MANDIRI RESIDENCE BLOK F6 NO 12, JERUK GAMPING', 'Laki-laki', 'K/2', 11, 'Forming 2', '2017-04-03 17:00:00', 0, 12, 'Resign', 0, 0, 0, 0, 0, 0, 0, 0, 0, 0, 0, 0, 0, 0, 0, 0, '2020-06-15', '2019-11-28 06:53:41', '2021-04-06 08:36:14', NULL),
(216, '00053', 'DIDIN MERLINNOVI', 'DIDINMERLINNOVI@GMAIL.COM', '818544298629000', '3504096107950001', 'DSN. KRAJAN RT 003 RW 001 DS. NGERENDENG', 'Perempuan', 'TK/0', 10, 'Engineering', '2017-04-25 17:00:00', 0, 11, 'Aktif', 54000000, 0, 0, 0, 0, 0, 0, 0, 0, 0, 0, 0, 0, 0, 0, 0, NULL, '2019-11-28 06:58:02', '2021-08-30 14:03:56', NULL),
(220, '00030', 'SUBARJO', NULL, '596593301451000', '3603312806730002', 'MUNJUL PERMAI BLOK A 07/29 RT 005 RW 004, MUNJUL', 'Laki-laki', 'K/3', 10, 'Forming 3', '2017-04-02 17:00:00', 0, 10, 'Aktif', 0, 0, 0, 0, 0, 0, 0, 0, 0, 0, 0, 0, 0, 0, 0, 0, NULL, '2019-11-28 10:04:06', '2021-09-06 04:17:09', NULL),
(221, '00034', 'ZAENURI', 'ZAENURIZEN58@GMAIL.COM', '596738757006000', '3603192808740005', 'DUSUN WATESARI RT 007 RW 002, WATESARI', 'Laki-laki', 'K/3', 11, 'Kama', '2017-04-03 17:00:00', 0, 11, 'Aktif', 0, 0, 0, 0, 0, 0, 0, 0, 0, 0, 0, 0, 0, 0, 0, 0, NULL, '2019-11-28 10:08:33', '2021-08-30 14:03:55', NULL),
(222, '00035', 'SUGENG HARIANTO', 'HARIANTOSUGENG539@GMAIL.COM', '596599472451000', '3603032409740001', 'PERUM MUSTIKA TIGARAKSA RT 001 RW 007, PASIR NANGKA', 'Laki-laki', 'K/2', 9, 'Kama', '2017-04-03 17:00:00', 0, 12, 'Resign', 0, 0, 0, 0, 0, 0, 0, 0, 0, 0, 0, 0, 0, 0, 0, 0, '2020-06-15', '2019-11-28 10:14:06', '2021-04-06 08:35:50', NULL),
(223, '00036', 'MARYANTO', 'MARYANTOMAR89@GMAIL.COM', '591322276416000', '3671111609720004', 'PERUM MUSTIKA TIGARAKSA BLOK C24/33 RT 009 RW 007, PASIR NANGKA', 'Laki-laki', 'K/2', 11, 'Glazing', '2017-04-03 17:00:00', 0, 12, 'Aktif', 0, 0, 0, 0, 0, 0, 0, 0, 0, 0, 0, 0, 0, 0, 0, 0, NULL, '2019-11-28 10:19:21', '2021-09-06 04:16:53', NULL),
(225, '00047', 'EDY YANTO', 'DYYANT@GMAIL.COM', '596597153451000', '3603180405790001', 'KP CIKUPA RT 001 RW 001, SUKAMULYA', 'Laki-laki', 'K/2', 11, 'Forming 1', '2017-04-03 17:00:00', 10000000, 12, 'Aktif', 0, 4, 3, 2, 3, 2, 3, 2, 1, 1, 1, 1, 1, 1, 2, 1, NULL, '2019-11-29 03:10:22', '2021-09-01 08:42:40', NULL),
(226, '00038', 'HARI AGUNG KURNIAWAN', 'HARIAGUNGKURNIAWAN@GMAIL.COM', '596456525451000', '3603033010730003', 'PERUM MUSTIKA TIGARAKSA BLOK B12 NO 12 RT 006 RW 010, PASIR NANGKA', 'Laki-laki', 'K/3', 11, 'Product Support', '2017-04-03 17:00:00', 0, 12, 'Aktif', 0, 0, 0, 0, 0, 0, 0, 0, 0, 0, 0, 0, 0, 0, 0, 0, NULL, '2019-11-29 03:16:08', '2021-09-06 04:19:21', NULL),
(227, '00020', 'HARDIMAN', 'HARDIMAN@TOTOSPN.COM', '596261149451000', '3603011207720006', 'VILLA BALARAJA BLOK H1 NO 18 RT 003 RW 005, SAGA', 'Laki-laki', 'K/3', 9, 'Glazing', '2017-04-03 17:00:00', 0, 12, 'Aktif', 0, 0, 0, 0, 0, 0, 0, 0, 0, 0, 0, 0, 0, 0, 0, 0, NULL, '2019-11-29 03:27:15', '2021-08-30 14:03:55', NULL),
(228, '00017', 'HARTANTO', 'PKSHARTANTO7@GMAIL.COM', '5965891438451000', '3603020510710001', 'TAMAN CIKANDE BLOK 07/10 RT 003 RW 001, CIKANDE', 'Laki-laki', 'K/3', 9, 'Forming 3', '2017-04-03 17:00:00', 0, 12, 'Resign', 0, 0, 0, 0, 0, 0, 0, 0, 0, 0, 0, 0, 0, 0, 0, 0, '2020-06-15', '2019-11-29 03:31:25', '2021-04-06 08:34:24', NULL),
(268, '00070', 'ELISABETH STEFANIE', 'elisabethstefaniee@gmail.com', '845612431618000', '3578206809960001', 'PONDOK WIYUNG INDAH TIMUR I/HX-7', 'Perempuan', 'TK/0', 11, 'Purchasing', '2018-05-20 17:00:00', 0, 11, 'Aktif', 54000000, 0, 0, 0, 0, 0, 0, 0, 0, 0, 0, 0, 0, 0, 0, 0, NULL, '2019-11-30 01:07:04', '2021-08-30 14:03:56', NULL),
(272, '00007', 'JANUAR YUSAK PRASETYO', NULL, '595568759604000', '3578180801850001', 'ROYAL PARK TL 3 NO.48', 'Laki-laki', 'TK/0', 4, 'Produksi', '2016-04-03 17:00:00', 0, 12, 'Aktif', 54000000, 0, 0, 0, 0, 0, 0, 0, 0, 0, 0, 0, 0, 0, 0, 0, NULL, '2019-11-30 01:14:30', '2021-08-27 06:59:22', NULL),
(277, '00055', 'CHRISTINE RATNA SARI', NULL, '822826590604000', '3578055502920001', 'LIDAH HARAPAN BLOK AA/29 RT.001 RW.005 KEL.LIDAH WETAN', 'Perempuan', 'TK/0', 11, 'Accounting', '2017-07-09 17:00:00', 0, 12, 'Aktif', 54000000, 0, 0, 0, 0, 0, 0, 0, 0, 0, 0, 0, 0, 0, 0, 0, NULL, '2019-11-30 01:28:34', '2021-08-30 14:03:56', NULL),
(285, '05075', 'DWIMANTARA MAHARDI', NULL, '929776433619000', '3578101611960001', 'KEDUNG SROKO NO.85 RT.007 RW.003 KEL.PACAR KEMBANG', 'Laki-laki', 'TK/0', 11, 'Purchasing', '2019-09-22 17:00:00', 0, 12, 'Resign', 54000000, 0, 0, 0, 0, 0, 0, 0, 0, 0, 0, 0, 0, 0, 0, 0, '2021-04-01', '2019-11-30 01:40:40', '2021-04-06 08:41:05', NULL),
(297, '05072', 'MOHAMMAD JAUHAR FIRDAUS', 'MJAUHARF28@GMAIL.COM', '926821653642000', '3525082812950001', 'DS KEDAMEAN RT 005 RW 002', 'Laki-laki', 'TK/0', 11, 'Dry Body 2', '2019-09-01 17:00:00', 0, 11, 'Resign', 54000000, 0, 0, 0, 0, 0, 0, 0, 0, 0, 0, 0, 0, 0, 0, 0, '2021-03-09', '2019-11-30 02:02:01', '2021-04-06 08:40:29', NULL),
(301, '05073', 'LAKSANA WIDYA PERYOGA', 'LAKSANAWPERYOGA@GMAIL.COM', '856200415609000', '3578230804920001', 'KETINTANG SELATAN II NO 79', 'Laki-laki', 'K/0', 11, 'Forming 4', '2019-09-01 17:00:00', 0, 10, 'Resign', 0, 0, 0, 0, 0, 0, 0, 0, 0, 0, 0, 0, 0, 0, 0, 0, '2021-03-05', '2019-11-30 02:06:49', '2021-04-06 08:40:46', NULL),
(306, '05071', 'IRWAN RIDWAN CHOLID', 'RIDWANFUFU@GMAIL.COM', NULL, '3504081210930001', 'DSN KRAJAN RT 002 RW 002, DS KARANGREJO', 'Laki-laki', 'TK/0', 11, 'Kama', '2019-09-01 17:00:00', 0, 11, 'Aktif', 54000000, 0, 0, 0, 0, 0, 0, 0, 0, 0, 0, 0, 0, 0, 0, 0, NULL, '2019-11-30 02:12:19', '2021-08-30 14:03:57', NULL),
(315, '05069', 'ALI SUTOMO', 'ALISUTOMO18@GMAIL.COM', '973674823619000', '3578101807930005', 'KAPAS GADING MADYA 4/6 RT 007 RW 001, DUKUH SETRO', 'Laki-laki', 'TK/0', 11, 'Forming 6', '2019-09-01 17:00:00', 0, 12, 'Aktif', 54000000, 0, 0, 0, 0, 0, 0, 0, 0, 0, 0, 0, 0, 0, 0, 0, NULL, '2019-11-30 02:27:15', '2021-08-30 14:03:57', NULL),
(318, '05068', 'ALVIN HARDIANPRATAMA', 'ALVINHARDIANPRATAMA23@GMAIL.COM', '814710711619000', '3578262806940001', 'MANYAR SABRANGAN 2/11 RT 007 RW 001', 'Laki-laki', 'TK/0', 11, 'Product Support', '2019-09-01 17:00:00', 0, 9, 'Resign', 54000000, 0, 0, 0, 0, 0, 0, 0, 0, 0, 0, 0, 0, 0, 0, 0, '2021-07-08', '2019-11-30 02:31:24', '2021-08-12 04:26:28', NULL),
(322, '05066', 'RUDIANTO', 'RUDIANTONATALEGAWA@GMAIL.COM', '553162926513000', '3324190609950002', 'PUTAT KULON RT 002 RW 007, PUTATGEDE', 'Laki-laki', 'TK/0', 11, 'Forming 7', '2019-06-30 17:00:00', 0, 12, 'Resign', 54000000, 0, 0, 0, 0, 0, 0, 0, 0, 0, 0, 0, 0, 0, 0, 0, '2020-06-15', '2019-11-30 02:35:56', '2021-04-06 08:40:06', NULL),
(325, '00010', 'ERLINA WATI HALIM', 'erlina1249@gmail.com', '800636144606000', '3578086111940002', 'MOJO ARUM I/47', 'Perempuan', 'TK/0', 10, 'Purchasing', '2016-09-22 17:00:00', 0, 11, 'Aktif', 54000000, 0, 0, 0, 0, 0, 0, 0, 0, 0, 0, 0, 0, 0, 0, 0, NULL, '2019-11-30 02:38:59', '2021-09-06 04:19:07', NULL),
(327, '05065', 'SASMITA ADI NUGRAHA', '088ADIOKE@GMAIL.COM', '921669404655000', '3506042106960002', 'DUSUN KRAJAN RT 003 RW 001, MANGUNREJO', 'Laki-laki', 'TK/0', 11, 'Forming 3', '2019-06-30 17:00:00', 0, 11, 'Resign', 54000000, 0, 0, 0, 0, 0, 0, 0, 0, 0, 0, 0, 0, 0, 0, 0, '2021-05-13', '2019-11-30 02:40:47', '2021-06-08 03:00:12', NULL),
(331, '05085', 'KURNIAWAN AJI SASONO', 'kurniawanajisasono08@gmail.com', NULL, '3516132002970003', 'DUSUN MLATEN RT.001 RW.002 KEL.MLATEN', 'Laki-laki', 'TK/0', 11, 'HRGA', '2019-11-17 17:00:00', 0, 12, 'Resign', 54000000, 0, 0, 0, 0, 0, 0, 0, 0, 0, 0, 0, 0, 0, 0, 0, '2021-01-06', '2019-11-30 02:44:35', '2021-04-06 08:41:53', NULL),
(332, '05064', 'HANIF NURDIN FITRONI', 'HANIFNURDINFITRONI@GMAIL.COM', '826441313603000', '3515130205930002', 'SAMBISARI KAV UTARA RT 035 RW 006, SAMBI BULU', 'Laki-laki', 'K/1', 11, 'Glazing', '2019-06-30 17:00:00', 0, 11, 'Resign', 0, 0, 0, 0, 0, 0, 0, 0, 0, 0, 0, 0, 0, 0, 0, 0, '2021-03-09', '2019-11-30 02:45:46', '2021-04-06 08:39:42', NULL),
(334, '05084', 'NUR SULAIMAN', 'NURSULAIMAN2017@GMAIL.COM', '667676597603000', '3515131002900006', 'DSN SADANG RT 007 RW 002', 'Laki-laki', 'K/1', 11, 'Slip & Laborat', '2019-11-17 17:00:00', 0, 12, 'Aktif', 0, 0, 0, 0, 0, 0, 0, 0, 0, 0, 0, 0, 0, 0, 0, 0, NULL, '2019-11-30 02:49:31', '2021-09-10 04:13:10', NULL),
(338, '05062', 'YUNICO RIXY SETYAWAN', 'yunicorixys@gmail.com', '863291456653000', '3572021406950008', 'JL.MANGGAR RT.001 RW.007 KEL.SUKOREJO', 'Laki-laki', 'TK/0', 11, 'Glazing', '2019-06-30 17:00:00', 0, 12, 'Resign', 54000000, 0, 0, 0, 0, 0, 0, 0, 0, 0, 0, 0, 0, 0, 0, 0, '2020-11-16', '2019-11-30 02:53:49', '2021-02-25 17:01:13', NULL),
(339, '00072', 'DONNA DOMINICA RAMBARNI', 'DONNA_DOMINICA93@YAHOO.CO.ID', '858308125543000', '3471136606930003', 'POS PIYUNGAN RT 002 RW 000, SRIMARTANI', 'Perempuan', 'TK/0', 11, 'Purchasing', '2018-07-01 17:00:00', 0, 12, 'Aktif', 54000000, 0, 0, 0, 0, 0, 0, 0, 0, 0, 0, 0, 0, 0, 0, 0, NULL, '2019-11-30 02:54:16', '2021-08-30 14:03:56', NULL),
(342, '05083', 'OKTAVIA CLARA WIDIAWATI', 'OKTAVIACLARA11@GMAIL.COM', '932450844655000', '3506174310960002', 'JL KAWI NO 30 RT 024 RW 007', 'Perempuan', 'TK/0', 11, 'Quality Assurance', '2019-11-17 17:00:00', 0, 12, 'Aktif', 54000000, 0, 0, 0, 0, 0, 0, 0, 0, 0, 0, 0, 0, 0, 0, 0, NULL, '2019-11-30 02:57:32', '2021-08-30 14:03:57', NULL),
(345, '00083', 'HELMI YAHYA', 'HELMY2635@GMAIL.COM', '918969114645000', '3524092609950001', 'PERTANIAN RT 002 RW 002, SEKARAN', 'Laki-laki', 'TK/0', 11, 'Forming 7', '2019-06-30 17:00:00', 0, 12, 'Aktif', 54000000, 0, 0, 0, 0, 0, 0, 0, 0, 0, 0, 0, 0, 0, 0, 0, NULL, '2019-11-30 03:02:13', '2021-08-30 14:07:25', NULL),
(346, '05074', 'FAJAR RAHMAN FRIANSAH', 'rahmanfriansah@gmail.com', '734254501604000', '3578142311930001', 'MANUKAN TIRTO 3 BLOK 22C/18', 'Laki-laki', 'TK/0', 11, 'Kama 2', '2019-09-01 17:00:00', 0, 11, 'Aktif', 54000000, 0, 0, 0, 0, 0, 0, 0, 0, 0, 0, 0, 0, 0, 0, 0, NULL, '2019-11-30 03:03:25', '2021-09-06 04:16:20', NULL),
(347, '05061', 'RIZKY ARIS ATIKABUDI', 'RIZKYARIS39@GMAIL.COM', '862200748615000', '3578033008960001', 'JL WONOAYU V-A NO 127-C RT 003 RW 003, MEDOKAN AYU', 'Laki-laki', 'TK/0', 11, 'Forming 2', '2019-06-30 17:00:00', 0, 12, 'Resign', 54000000, 0, 0, 0, 0, 0, 0, 0, 0, 0, 0, 0, 0, 0, 0, 0, '2021-07-01', '2019-11-30 03:05:24', '2021-07-14 06:55:05', NULL),
(351, '05076', 'RESWANDHA LAKSONO PUTRO', 'reswandhalaksono@gmail.com', '933002487604000', '3578182612950001', 'JL.LIDAH WETAN NO.39', 'Laki-laki', 'TK/0', 11, 'Quality Control', '2019-10-06 17:00:00', 0, 12, 'Resign', 54000000, 0, 0, 0, 0, 0, 0, 0, 0, 0, 0, 0, 0, 0, 0, 0, '2020-10-01', '2019-11-30 03:13:49', '2021-04-06 08:41:24', NULL),
(353, '05077', 'M. ZAIN FAJAR RAMADHANI', 'ZAINF9@GMAIL.COM', '930595038653000', '3505122503910002', 'LINK DADAPAN RT 002 RW 001, KEDUNGBUNDER', 'Laki-laki', 'K/0', 11, 'Forming 3', '2019-10-06 17:00:00', 0, 12, 'Aktif', 0, 0, 0, 0, 0, 0, 0, 0, 0, 0, 0, 0, 0, 0, 0, 0, NULL, '2019-11-30 03:15:55', '2021-09-06 04:17:57', NULL),
(355, '05080', 'AGUNG SUSILO', 'susiloagung19@gmail.com', NULL, '3510061906950001', 'DUSUN PLOSOREJO RT.003 RW.004,DESA KALIPLOSO.', 'Laki-laki', 'TK/0', 11, 'Kama', '2019-10-06 17:00:00', 0, 12, 'Resign', 54000000, 0, 0, 0, 0, 0, 0, 0, 0, 0, 0, 0, 0, 0, 0, 0, '2021-07-02', '2019-11-30 03:21:06', '2021-08-12 04:27:14', NULL),
(358, '00065', 'MARIA FRANSISKA SHIENY LIUWAN', 'MARIAFRANSISKASHIENY@GMAIL.COM', '844580126618000', '3578205805960001', 'BABATAN PRATAMA 28/HH-34 RT 005 RW 008, BABATAN', 'Perempuan', 'TK/0', 11, 'Accounting', '2018-02-28 17:00:00', 0, 12, 'Aktif', 54000000, 0, 0, 0, 0, 0, 0, 0, 0, 0, 0, 0, 0, 0, 0, 0, NULL, '2019-11-30 03:21:52', '2021-08-30 14:03:56', NULL),
(362, '05078', 'EDI HAMID SYAIFULLAH', 'saedul.abdullah@gmail.com', '930597018653000', '3505101407940001', 'DSN SEMANDING RT.003 RW.008, DESA BANGGLE.', 'Laki-laki', 'TK/0', 11, 'Kama 2', '2019-10-06 17:00:00', 0, 12, 'Resign', 54000000, 0, 0, 0, 0, 0, 0, 0, 0, 0, 0, 0, 0, 0, 0, 0, '2021-05-26', '2019-11-30 03:29:16', '2021-06-08 03:00:37', NULL),
(366, '05079', 'MUHAMMAD IQBAL MAULANA', 'm1iqbalmaulana@gmail.com', '913191649653000', '3505031605960003', 'DSN MARON RT.005 RW.001, DESA SELOKAJANG.', 'Laki-laki', 'TK/0', 11, 'Forming 2', '2019-10-06 17:00:00', 0, 12, 'Resign', 54000000, 0, 0, 0, 0, 0, 0, 0, 0, 0, 0, 0, 0, 0, 0, 0, '2021-03-10', '2019-11-30 03:36:56', '2021-03-10 06:57:31', NULL),
(383, '00085', 'RATIH SILVIA PUTRI', 'ratih.silviaa@gmail.com', '815195532619000', '3578105212900002', 'JL.DUKUH KUPANG BARAT 28 NO.15', 'Perempuan', 'K/1', 11, 'Accounting', '2018-07-15 17:00:00', 10000000, 12, 'Aktif', 0, 3, 2, 4, 5, 1, 2, 1, 2, 3, 1, 1, 1, 2, 2, 0, NULL, '2019-11-30 04:11:49', '2021-08-30 14:03:57', NULL),
(387, '00001', 'ANTOK HANDOKO', NULL, '597772359604000', '3578130308710001', 'WISATA BUKIT MAS BLOK C6-15', 'Laki-laki', 'K/2', 1, 'Management', '2015-12-09 17:00:00', 0, 12, 'Aktif', 0, 0, 0, 0, 0, 0, 0, 0, 0, 0, 0, 0, 0, 0, 0, 0, NULL, '2019-11-30 04:18:03', '2021-08-30 14:03:54', NULL),
(445, '00011', 'PUTUT SUDARMANTO', NULL, '778283093609000', '3578042403740005', 'KRUKAH UTARA 8/1, KEL.NGAGELREJO.', 'Laki-laki', 'K/1', 10, 'HRGA', '2016-11-06 17:00:00', 0, 12, 'Aktif', 0, 0, 0, 0, 0, 0, 0, 0, 0, 0, 0, 0, 0, 0, 0, 0, NULL, '2019-11-30 07:28:36', '2021-08-30 14:03:54', NULL),
(459, '00061', 'KURNIAWAN SUBIANTORO', NULL, '241814698643000', '3515162503790004', 'TAMAN ATHENA I 6/16 PURI SURYA JAYA.', 'Laki-laki', 'K/2', 9, 'PPIC', '2017-08-17 17:00:00', 0, 10, 'Resign', 0, 0, 0, 0, 0, 0, 0, 0, 0, 0, 0, 0, 0, 0, 0, 0, '2021-07-07', '2019-11-30 07:41:37', '2021-08-12 04:27:30', NULL),
(471, '00049', 'BAMBANG HARJANTO', NULL, '812310308613000', '3578121401940004', 'TB.GRINGSING BARU 1/55, PERAK TIMUR.', 'Laki-laki', 'TK/0', 11, 'Engineering', '2016-12-25 17:00:00', 0, 11, 'Aktif', 54000000, 0, 0, 0, 0, 0, 0, 0, 0, 0, 0, 0, 0, 0, 0, 0, NULL, '2019-11-30 07:51:32', '2021-08-27 06:59:25', NULL),
(480, '00073', 'HARYA DAMAR PANYINGSING FAJAR', NULL, '460882483612000', '3525100106890001', 'JL.LAMONGAN 01/22 GKB, KEL.YOSOWILANGUN.', 'Laki-laki', 'K/2', 11, 'HRGA', '2018-09-30 17:00:00', 0, 12, 'Aktif', 0, 0, 0, 0, 0, 0, 0, 0, 0, 0, 0, 0, 0, 0, 0, 0, NULL, '2019-11-30 07:59:22', '2021-08-30 14:03:56', NULL),
(489, '05045', 'STEPHANIE SWIKNO', NULL, '860026855618000', '3578016611950002', 'GUNUNGSARI INDAH BLOK FF/42, KEL.KEDURUS.', 'Perempuan', 'TK/0', 11, 'Accounting', '2018-09-30 17:00:00', 0, 11, 'Aktif', 54000000, 0, 0, 0, 0, 0, 0, 0, 0, 0, 0, 0, 0, 0, 0, 0, NULL, '2019-11-30 08:07:00', '2021-09-06 04:19:41', NULL),
(496, '05058', 'ICHA SANDRA ARSITA', NULL, '914440698642000', '3525136304930002', 'DOMAS RT.007 RW.002, DOMAS.', 'Perempuan', 'TK/0', 11, 'Quality Assurance', '2019-04-07 17:00:00', 0, 11, 'Aktif', 54000000, 0, 0, 0, 0, 0, 0, 0, 0, 0, 0, 0, 0, 0, 0, 0, NULL, '2019-11-30 08:16:39', '2021-08-30 14:03:57', NULL),
(745, '05089', 'KIKI INDRA CAHYA', 'a.kikiindra@gmail.com', '912949633612000', '3525071412950002', 'KETAPANG RT. 04 RW. 03 KEC. UJUNGPANGKAH - GRESIK', 'Laki-laki', 'TK/0', 11, 'Packing', '2020-01-19 17:00:00', 0, 11, 'Aktif', 54000000, 0, 0, 0, 0, 0, 0, 0, 0, 0, 0, 0, 0, 0, 0, 0, NULL, '2020-04-22 07:28:37', '2021-08-30 14:07:25', NULL),
(746, '05088', 'ACHMAD BAGUS TRY HATMOKO', 'achmadbagus.ab.ab@gmail.com', '549074706655000', '3506140209930003', 'DSN. TANON UTARA RT. 08 RW 01 DS. TANON KEC. PAPAR - KEDIRI', 'Laki-laki', 'TK/0', 11, 'Warehouse Consume', '2020-01-05 17:00:00', 0, 12, 'Aktif', 54000000, 0, 0, 0, 0, 0, 0, 0, 0, 0, 0, 0, 0, 0, 0, 0, NULL, '2020-04-22 07:35:06', '2021-08-30 14:07:25', NULL),
(747, '05087', 'HANDIK YULLIANTO', 'handik31@gmail.com', '802444426645000', '3524223107940002', 'DSN. WAJIK RT. 005 RW. 001 DS. WAJIK KEC. LAMONGAN - LAMONGAN', 'Laki-laki', 'K/1', 11, 'PPIC', '2020-01-01 17:00:00', 0, 11, 'Resign', 0, 0, 0, 0, 0, 0, 0, 0, 0, 0, 0, 0, 0, 0, 0, 0, '2021-06-02', '2020-04-22 07:42:12', '2021-06-08 02:54:54', NULL),
(748, '05090', 'SYAHRIL ARISDIANTA', 'syahril.arisdianta@gmail.com', NULL, '3529010901960001', 'JL. MERPATI 109 RT. 003 RW. 005 DS. PAMOLOKAN KEC. KOTA SUMENEP - SUMENEP', 'Laki-laki', 'TK/0', 11, 'Forming 2', '2020-02-18 17:00:00', 0, 12, 'Aktif', 54000000, 0, 0, 0, 0, 0, 0, 0, 0, 0, 0, 0, 0, 0, 0, 0, NULL, '2020-04-22 07:48:03', '2021-08-30 14:03:57', NULL),
(749, '05091', 'ASYROF MUZA FARUDDIN ZANKI', 'asyrof.its@gmail.com', '759400716648000', '3523042105910001', 'RUMDIS TNI-AL WONOSARI A-74 RT. 006 RW. 005 DS. BULAK BANTENG KEC. KENJERAN - SURABAYA', 'Laki-laki', 'K/1', 11, 'Forming 1', '2020-02-18 17:00:00', 0, 12, 'Aktif', 0, 0, 0, 0, 0, 0, 0, 0, 0, 0, 0, 0, 0, 0, 0, 0, NULL, '2020-04-22 07:55:11', '2021-09-14 04:00:14', NULL),
(750, '05092', 'HERU ANTONO', 'heruantqnq@gmail.com', '864290572648000', '3523180310940002', 'RT. 10 RW. 01 DS. LERAWETAN KEC. PALANG - TUBAN', 'Laki-laki', 'TK/0', 11, 'Quality Assurance', '2020-02-23 17:00:00', 0, 12, 'Aktif', 54000000, 0, 0, 0, 0, 0, 0, 0, 0, 0, 0, 0, 0, 0, 0, 0, NULL, '2020-04-22 08:00:07', '2021-08-30 14:07:25', NULL),
(751, '05093', 'DERY REGA PRANATA', 'dery.rega8@gmail.com', NULL, '3507252704950003', 'JL. SUMBER WUNI GANG MANGGA NO. 292 KALIREJO LAWANG - MALANG', 'Laki-laki', 'TK/0', 11, 'Glazing', '2020-02-23 17:00:00', 0, 12, 'Aktif', 54000000, 0, 0, 0, 0, 0, 0, 0, 0, 0, 0, 0, 0, 0, 0, 0, NULL, '2020-04-22 08:04:03', '2021-09-06 04:16:38', NULL),
(752, '05094', 'M. UNGGUL SETIYO BUDI', 'm.unggulsetiyobudi@gmail.com', '865704910655000', '3506121503960002', 'JL. MORO RUKUN RT. 023 RW. 006 DS. JONGBIRU GAMPENGREJO - KEDIRI', 'Laki-laki', 'TK/0', 11, 'Engineering', '2020-03-02 17:00:00', 0, 11, 'Aktif', 54000000, 0, 0, 0, 0, 0, 0, 0, 0, 0, 0, 0, 0, 0, 0, 0, NULL, '2020-04-22 08:23:19', '2021-08-30 14:03:57', NULL),
(753, '00016', 'DONO ISBIANTO', NULL, '596268599451000', '3603311312680002', 'BUKIT CIKASUNGKA BLOK CF 03/05 RT:003 RW:011', 'Laki-laki', 'K/2', 9, 'Plaster Forming', '2017-04-02 17:00:00', 0, 10, 'Aktif', 0, 0, 0, 0, 0, 0, 0, 0, 0, 0, 0, 0, 0, 0, 0, 0, NULL, '2020-08-31 07:08:57', '2021-09-10 01:49:54', NULL),
(754, '00025', 'WIDODO', NULL, '596858530416000', '3671112008690001', 'KANDANG MENJANGAN, KLATAK RT:003 RW:002', 'Laki-laki', 'K/3', 10, 'Forming 3', '2017-04-02 17:00:00', 0, 12, 'Aktif', 0, 0, 0, 0, 0, 0, 0, 0, 0, 0, 0, 0, 0, 0, 0, 0, NULL, '2020-08-31 08:00:52', '2021-08-30 14:03:55', NULL),
(755, '00026', 'KARDANI', NULL, '596738799451000', '3603032110690001', 'PERUM MUSTIKA TIGARAKSA BLOK C 20/51 RT:001 RW:008', 'Laki-laki', 'K/3', 10, 'Kama', '2017-04-02 17:00:00', 0, 12, 'Aktif', 0, 0, 0, 0, 0, 0, 0, 0, 0, 0, 0, 0, 0, 0, 0, 0, NULL, '2020-08-31 08:51:28', '2021-08-30 14:03:55', NULL),
(756, '05095', 'WIRANANTA AL NUGRAHA', 'nugraha.wira013@gmail.com', '957492507622000', '3571020912960002', 'JL ANGGREK RAYA NO.22', 'Laki-laki', 'TK/0', 11, 'Forming 2', '2020-08-31 17:00:00', 0, 12, 'Aktif', 54000000, 0, 0, 0, 0, 0, 0, 0, 0, 0, 0, 0, 0, 0, 0, 0, NULL, '2020-11-26 03:59:09', '2021-08-30 14:03:57', NULL),
(757, '05096', 'SUGENG ARIYANTO', 'sugengari68@gmail.com', '716491063609000', '3578042404930005', 'PERUM QUALITY GARDEN RESIDENCE BLOK G 11 NO.14', 'Laki-laki', 'K/1', 11, 'Quality Control', '2020-09-13 17:00:00', 0, 12, 'Aktif', 0, 0, 0, 0, 0, 0, 0, 0, 0, 0, 0, 0, 0, 0, 0, 0, NULL, '2020-11-26 04:07:39', '2021-09-16 03:58:26', NULL),
(758, '05097', 'ANANG SETYO PURNOMO', 'kangpurnomo20@gmail.com', '959881483645000', '3524221706970001', 'DS WAJIK RT 001 RW 001', 'Laki-laki', 'TK/0', 11, 'Quality Control', '2020-09-22 17:00:00', 0, 12, 'Aktif', 54000000, 0, 0, 0, 0, 0, 0, 0, 0, 0, 0, 0, 0, 0, 0, 0, NULL, '2020-11-26 04:23:17', '2021-08-30 14:03:57', NULL),
(759, '05098', 'DEDDY PUTRA ARDYANSYAH', 'deddyputraardyansyah@gmail.com', '959926452643000', '3515162805980001', 'MAGERSARI RT 004 RW 005', 'Laki-laki', 'TK/0', 11, 'Forming 1', '2020-09-22 17:00:00', 0, 12, 'Aktif', 54000000, 0, 0, 0, 0, 0, 0, 0, 0, 0, 0, 0, 0, 0, 0, 0, NULL, '2020-11-26 04:32:35', '2021-08-30 14:03:57', NULL),
(760, '05099', 'RAMADHANA CANDRA KIRANA', 'ramadhanacandra@gmail.com', '954882510627000', '3510093101960001', 'DS PANDAN RT 001 RW 004', 'Laki-laki', 'TK/0', 11, 'Engineering', '2020-10-20 17:00:00', 0, 12, 'Aktif', 54000000, 0, 0, 0, 0, 0, 0, 0, 0, 0, 0, 0, 0, 0, 0, 0, NULL, '2020-11-26 04:44:39', '2021-08-30 14:03:57', NULL),
(761, '05104', 'DIAN ANDAYANI', NULL, NULL, '3578156307770004', 'JALAN DUPAK BANGUNREJO NO 11 SURABAYA', 'Perempuan', 'K/2', 8, 'HRGA', '2021-01-17 17:00:00', 0, 12, 'Aktif', 0, 0, 0, 0, 0, 0, 0, 0, 0, 0, 0, 0, 0, 0, 0, 0, NULL, '2021-02-17 07:55:22', '2021-08-27 06:04:02', NULL),
(762, '05105', 'KEZIA NATHASIA', NULL, NULL, '3578314306990002', 'INTERNASIONAL VILLAGE 1 / B1-31', 'Perempuan', 'TK/0', 11, 'Accounting', '2021-02-07 17:00:00', 0, 12, 'Aktif', 54000000, 0, 0, 0, 0, 0, 0, 0, 0, 0, 0, 0, 0, 0, 0, 0, NULL, '2021-02-17 07:58:50', '2021-08-27 06:04:06', NULL),
(764, '05106', 'RIZKY SUSANTO', 'rizkysusanto@mhs.unesa.ac.id', NULL, '3517191605970005', 'DUSUN JATI RT 004/ RW 002', 'Laki-laki', 'TK/0', 11, 'Glazing', '2021-02-14 17:00:00', 0, 12, 'Aktif', 54000000, 0, 0, 0, 0, 0, 0, 0, 0, 0, 0, 0, 0, 0, 0, 0, NULL, '2021-03-10 01:56:01', '2021-08-27 06:04:09', NULL),
(765, '05107', 'DANANG AJI BASUDEWA', 'danangajib433@gmail.com', '414701060612000', '3525100801910003', 'JALAN SAMARINDA NO 51 GKB, RT 006 RW 008, DESA SUKOMULYO', 'Laki-laki', 'TK/0', 11, 'Forming 2', '2021-02-14 17:00:00', 0, 12, 'Aktif', 54000000, 0, 0, 0, 0, 0, 0, 0, 0, 0, 0, 0, 0, 0, 0, 0, NULL, '2021-03-10 02:05:43', '2021-08-27 06:04:13', NULL),
(766, '05108', 'DHARMA FEBRIOLA', 'dharmafeb97@gmail.com', '414798629606000', '3508102102970006', 'PERUM BITING BLOK A-2 NO 3 RT 005 / RW 012', 'Laki-laki', 'TK/0', 11, 'Kama', '2021-02-14 17:00:00', 0, 12, 'Aktif', 54000000, 0, 0, 0, 0, 0, 0, 0, 0, 0, 0, 0, 0, 0, 0, 0, NULL, '2021-03-10 02:12:34', '2021-08-27 06:04:19', NULL),
(767, '05109', 'VITTO MIRONDA', 'mirondavito@gmail.com', NULL, '3517090406970002', 'JALAN SAM RATULANGI 16C, RT 04 RW 06, DESA KEPATIHAN', 'Laki-laki', 'TK/0', 11, 'Kama 2', '2021-02-14 17:00:00', 0, 12, 'Aktif', 54000000, 0, 0, 0, 0, 0, 0, 0, 0, 0, 0, 0, 0, 0, 0, 0, NULL, '2021-03-10 02:17:30', '2021-08-27 06:04:26', NULL),
(768, '05110', 'MOHAMAD ABDUL SHODIQ', 'moh.abdulshodiq@gmail.com', '414477638657000', '3507281006950003', 'DUSUN BEJIREJO. RT 18 RW 09, DESA KASEMBON', 'Laki-laki', 'TK/0', 11, 'Forming 1', '1995-06-09 17:00:00', 0, 12, 'Aktif', 54000000, 0, 0, 0, 0, 0, 0, 0, 0, 0, 0, 0, 0, 0, 0, 0, NULL, '2021-03-10 02:25:00', '2021-08-27 06:04:30', NULL),
(769, '05111', 'MOHAMMAD SYAHRI', 'syahri.muhammad1717@gmail.com', '414427104612000', '3525121403980002', 'JALAN WISUDA RT 01 / RW 01, DESA ABAR ABIR', 'Laki-laki', 'TK/0', 11, 'Glazing', '2021-02-14 17:00:00', 0, 12, 'Aktif', 54000000, 0, 0, 0, 0, 0, 0, 0, 0, 0, 0, 0, 0, 0, 0, 0, NULL, '2021-03-10 02:28:11', '2021-08-27 06:04:34', NULL),
(770, '05112', 'DEDI ANUGERAH RAMADHAN', 'dedi.anugerah.ramadhan@gmail.com', NULL, '3515071002960004', 'GRIYA PERMATA HIJAU T-02, WEDOROKLURAK', 'Laki-laki', 'TK/0', 11, 'Kama 2', '2021-02-14 17:00:00', 0, 12, 'Aktif', 54000000, 0, 0, 0, 0, 0, 0, 0, 0, 0, 0, 0, 0, 0, 0, 0, NULL, '2021-03-10 02:32:25', '2021-08-27 06:04:37', NULL),
(771, '05113', 'ADITIYA', 'adit.temirahady@gmail.com', '415618842602000', '3516170603980003', 'DUSUN NGARUS, DESA BANYULEGI, RT 001 / RW 003', 'Laki-laki', 'TK/0', 11, 'PPIC', '2021-02-24 17:00:00', 0, 12, 'Aktif', 54000000, 0, 0, 0, 0, 0, 0, 0, 0, 0, 0, 0, 0, 0, 0, 0, NULL, '2021-03-10 02:37:01', '2021-08-27 06:04:41', NULL),
(772, '05100', 'JIMMY HARTONO', 'jimmyhartono@live.com', '967020389652000', '3573011012960004', 'JALAN SIMPANG SULFAT UTARA VII-D1, MALANG', 'Laki-laki', 'TK/0', 11, 'Forming 8', '2020-12-06 17:00:00', 0, 12, 'Aktif', 54000000, 0, 0, 0, 0, 0, 0, 0, 0, 0, 0, 0, 0, 0, 0, 0, NULL, '2021-03-10 03:35:42', '2021-08-30 14:03:57', NULL),
(773, '05101', 'ABDUL SAYYID AZZINDANI', 'azzindani.abdul@gmail.com', '966420143645000', '3524252611950001', 'PLOSOBUDEN, RT 04 RW 01', 'Laki-laki', 'TK/0', 11, 'Forming 8', '2020-12-06 17:00:00', 0, 12, 'Aktif', 54000000, 0, 0, 0, 0, 0, 0, 0, 0, 0, 0, 0, 0, 0, 0, 0, NULL, '2021-03-10 03:42:02', '2021-08-30 14:03:57', NULL),
(774, '05102', 'RENNO HARTA', 'rennoharta@gmail.com', '802815480613000', '3578120704940004', 'PENGAMPON 6 NO 46, RT 006 RW 010', 'Laki-laki', 'TK/0', 11, 'Forming 7', '2020-12-06 17:00:00', 0, 12, 'Aktif', 54000000, 0, 0, 0, 0, 0, 0, 0, 0, 0, 0, 0, 0, 0, 0, 0, NULL, '2021-03-10 03:46:43', '2021-08-30 14:03:58', NULL),
(775, '05103', 'MUHAMMAD RUSYDI ARIF', 'muh.rusydi.arif@gmail.com', NULL, '3509112205980001', 'DUSUN GONDOSARI, RT 01 RW 15, DESA TAMANSARI', 'Laki-laki', 'TK/0', 11, 'HRGA', '2021-12-14 17:00:00', 0, 12, 'Resign', 54000000, 0, 0, 0, 0, 0, 0, 0, 0, 0, 0, 0, 0, 0, 0, 0, '2021-07-08', '2021-03-10 04:08:17', '2021-08-12 04:26:44', NULL),
(974, '05114', 'RAMADHAN KAMEL', 'rakamel16@gmail.com', '869847319619000', '3578101602960011', 'DUKUH SETRO 11-B/46 RT. 011 RW. 008 , KEL. GADING', 'Laki-laki', 'TK/0', 11, 'Forming 7', '2021-02-28 17:00:00', 0, NULL, 'Aktif', 54000000, 0, 0, 0, 0, 0, 0, 0, 0, 0, 0, 0, 0, 0, 0, 0, NULL, '2021-04-06 08:53:52', '2021-08-27 06:04:45', NULL),
(975, '05115', 'HULPANAWADI', 'hulpanawadi96@gmail.com', '477181567642000', '5203181309960002', 'DASAN JATI, KEL. GELANGGANG', 'Laki-laki', 'TK/0', 11, 'Dry Body 2', '2021-02-28 17:00:00', 0, NULL, 'Aktif', 54000000, 0, 0, 0, 0, 0, 0, 0, 0, 0, 0, 0, 0, 0, 0, 0, NULL, '2021-04-06 09:06:23', '2021-08-27 06:04:49', NULL),
(976, '05116', 'M NUR MUSTHOFA', 'nurmustofa.0598@gmail.com', '418302956643000', '3515172305980004', 'JL. KH. SUWAIFI BARAT RT. 04 RW. 01, DESA KALANGANYAR', 'Laki-laki', 'TK/0', 11, 'Quality Control', '2021-03-14 17:00:00', 0, NULL, 'Aktif', 54000000, 0, 0, 0, 0, 0, 0, 0, 0, 0, 0, 0, 0, 0, 0, 0, NULL, '2021-04-06 09:10:46', '2021-08-27 06:04:53', NULL),
(977, '05117', 'MUHAMMAD ABDILLAH', 'muhammadabdillah979@gmail.com', '418033551604000', '3507011408960001', 'MULYOSARI RT. 01 RW. 01, DESA DONOMULYO', 'Laki-laki', 'TK/0', 11, 'Kama 2', '2021-03-14 17:00:00', 0, NULL, 'Aktif', 54000000, 0, 0, 0, 0, 0, 0, 0, 0, 0, 0, 0, 0, 0, 0, 0, NULL, '2021-04-06 09:16:22', '2021-08-27 06:04:56', NULL),
(978, '05118', 'TOBIAS NUSALIM', 'TOBIASNLM@GMAIL.COM', NULL, '3578142209960003', 'DARMO HARAPAN INDAH V/UU-24', 'Laki-laki', 'TK/0', 11, 'Purchasing', '2021-03-21 17:00:00', 0, NULL, 'Aktif', 54000000, 0, 0, 0, 0, 0, 0, 0, 0, 0, 0, 0, 0, 0, 0, 0, NULL, '2021-04-06 09:20:42', '2021-09-08 02:40:19', NULL),
(1073, '05119', 'ULFI ATIKA PERMATASARI', 'ULFIATIKAPERMATA@GMAIL.COM', NULL, '3578166607970003', 'WONOSARI MULYO 11/3 RT. 21 RW. 7 DS. WONOKUSUMO KEC. SEMAMPIR - SURABAYA', 'Perempuan', 'TK/0', 11, 'PPIC', '2021-05-23 17:00:00', 0, NULL, 'Aktif', 54000000, 0, 0, 0, 0, 0, 0, 0, 0, 0, 0, 0, 0, 0, 0, 0, NULL, '2021-05-27 04:56:51', '2021-08-27 06:05:04', NULL),
(1129, '05120', 'MUHAMMAD HABIBIE FAIZAL DZAKY', NULL, NULL, '3515082008980007', 'PERUM. BLURU PERMAI AJ - 23 RT. 4 RW. 14 DS. BLURU KIDUL KEC. SIDOARJO - SIDOARJO', 'Laki-laki', 'TK/0', 11, 'PPIC', '2021-06-23 17:00:00', 0, NULL, 'Aktif', 54000000, 0, 0, 0, 0, 0, 0, 0, 0, 0, 0, 0, 0, 0, 0, 0, NULL, '2021-06-24 06:24:13', '2021-08-27 06:05:07', NULL),
(1134, '05122', 'KATARINA YUNI WULANDARI', 'katarinawulandari1@gmail.com', '949441752613000', '3404094106960002', 'PERUM GREEN CERME B1-29 RT.005 RW.003', 'Perempuan', 'TK/0', 11, 'HRGA', '2021-07-25 17:00:00', 0, NULL, 'Aktif', 54000000, 0, 0, 0, 0, 0, 0, 0, 0, 0, 0, 0, 0, 0, 0, 0, NULL, '2021-07-27 02:17:07', '2021-08-27 06:05:16', NULL),
(1136, '05121', 'MOCHAMMAD RIZQI RAMADHAN', 'MOCHAMMADRIZQIRAMADHAN@GMAIL.COM', '852803584603000', '3515132002950007', 'MANGUNAN GANG 1 NO.23 RT/RW 001/002, KELURAHAN SEPANJANG, TAMAN,', 'Laki-laki', 'TK/0', 11, 'HRGA', '2021-07-25 17:00:00', 0, NULL, 'Aktif', 54000000, 0, 0, 0, 0, 0, 0, 0, 0, 0, 0, 0, 0, 0, 0, 0, NULL, '2021-07-29 03:58:06', '2021-08-27 06:05:13', NULL),
(1150, '05123', 'BAGAS ERSA PRADANA', 'bagasersa@gmail.com', '43.181.944.0-643.000', '1671011405980001', 'JL SIMPANG BUNGA KOPI NO 27 RT 004 RW 012 DESA TULUSREJO', 'Laki-laki', 'TK/0', 11, 'Forming 3', '2021-08-11 17:00:00', 0, NULL, 'Aktif', 54000000, 0, 0, 0, 0, 0, 0, 0, 0, 0, 0, 0, 0, 0, 0, 0, NULL, '2021-08-19 06:52:59', '2021-08-27 06:05:20', NULL),
(1151, '05126', 'AHMAD SULAIMAN', 'sulaiman.a120897@gmail.com', '43.215.688.3-608.000', '3528111208970008', 'DSN LONPAO DAJAH RT 000 RW 000 DESA BLABAN', 'Laki-laki', 'TK/0', 11, 'Glazing', '2021-08-11 17:00:00', 0, NULL, 'Aktif', 54000000, 0, 0, 0, 0, 0, 0, 0, 0, 0, 0, 0, 0, 0, 0, 0, NULL, '2021-08-19 07:02:20', '2021-08-27 06:05:30', NULL),
(1152, '05124', 'YAYAN ZANWAR MUSLIMIN', 'yayanzanwar@gmai.com', '43.183.840.8-645.000', '3524121301960001', 'SINGGANG RT 001 RW 001 BAKALREJO', 'Laki-laki', 'TK/0', 11, 'Forming 2', '2021-08-11 17:00:00', 0, NULL, 'Aktif', 54000000, 0, 0, 0, 0, 0, 0, 0, 0, 0, 0, 0, 0, 0, 0, 0, NULL, '2021-08-19 07:22:45', '2021-08-27 06:05:23', NULL),
(1153, '05125', 'HAFIZH LAZUARDI', 'hafizhlazuardi88@gmail.com', '43.197.950.9-603.000', '3515160508980001', 'JL. GAJAH MADA IV NO 20 RT 002 RW 010 SAWOTRATAP', 'Laki-laki', 'TK/0', 11, 'Forming 8', '2021-08-11 17:00:00', 0, NULL, 'Aktif', 54000000, 0, 0, 0, 0, 0, 0, 0, 0, 0, 0, 0, 0, 0, 0, 0, NULL, '2021-08-19 07:32:23', '2021-08-27 06:05:26', NULL);
INSERT INTO `karyawan` (`id_karyawan`, `prn`, `nama`, `email`, `npwp`, `nik`, `alamat`, `jenis_kelamin`, `status_kawin`, `id_jabatan`, `seksi`, `tgl_masuk`, `gaji_pokok`, `sisa_cuti`, `status`, `ptkp`, `bpjs_kesehatan_in`, `bpjs_jkk_in`, `bpjs_jkm_in`, `bpjs_jht_in`, `bpjs_jp_in`, `bpjs_kesehatan_p_out`, `bpjs_jkk_p_out`, `bpjs_jkm_p_out`, `bpjs_jht_p_out`, `bpjs_jp_p_out`, `bpjs_kesehatan_out`, `bpjs_jkk_out`, `bpjs_jkm_out`, `bpjs_jht_out`, `bpjs_jp_out`, `tgl_resign`, `created_at`, `updated_at`, `deleted_at`) VALUES
(1156, '05127', 'FUAD AL KHATIRI', 'alkhatiri1905@gmail.com', '43.348.909.3-647.000', '3501041905970001', 'JL. MANGGARSARI VI/3 RT 03 RW 07 BANGUNSARI', 'Laki-laki', 'TK/0', 11, 'Forming 7', '2021-08-24 17:00:00', 0, NULL, 'Aktif', 54000000, 0, 0, 0, 0, 0, 0, 0, 0, 0, 0, 0, 0, 0, 0, 0, NULL, '2021-08-27 03:45:16', '2021-09-10 08:20:07', NULL),
(1157, '05128', 'MUHAMMAD ANDRI KHUSNAWAN', 'm.andrikhusnawan@gmail.com', '43.345.014.5-653.000', '3505172711940001', 'LINGKUNGAN CEPOKO RT 03 RW 05 KLEMUNAN', 'Laki-laki', 'TK/0', 11, 'Forming 1', '2021-08-24 17:00:00', 0, NULL, 'Aktif', 54000000, 0, 0, 0, 0, 0, 0, 0, 0, 0, 0, 0, 0, 0, 0, 0, NULL, '2021-08-27 04:16:27', '2021-08-29 00:57:06', NULL),
(1158, '05129', 'MUHAMMAD NAUFAL AL FARISI', 'naufalalfarisi1712@gmail.com', '43.330.992..9-618.00', '3578201712980001', 'GRAHA SEMPURNA INDAH F/46', 'Laki-laki', 'TK/0', 11, 'Dry Body', '2021-08-24 17:00:00', 0, NULL, 'Aktif', 54000000, 0, 0, 0, 0, 0, 0, 0, 0, 0, 0, 0, 0, 0, 0, 0, NULL, '2021-08-27 04:22:02', '2021-08-29 00:57:06', NULL),
(1159, '05130', 'AHMAD NAZHIRUDDIN FAJRRUR SURYO', 'ahmadnazhiruddin.fajrrursuryo@gmail.com', '41.172.985.8-619.000', '3578172405950004', 'BULAK BANTENG MADYA 5/7-A 5/9 SIDOTOPO WETAN', 'Laki-laki', 'TK/0', 11, 'Forming 7', '2021-08-24 17:00:00', 0, NULL, 'Aktif', 54000000, 0, 0, 0, 0, 0, 0, 0, 0, 0, 0, 0, 0, 0, 0, 0, NULL, '2021-08-27 04:26:54', '2021-09-10 08:19:46', NULL),
(1161, '05132', 'KHOIRUL FAQIH', 'khoirulfaqih@gmail.com', '91.701.127.2-608.000', '3529181505960001', 'JL PESISIR DUSUN PANJURANGAN RT 003 RW 001 DESA DUNGKEK', 'Laki-laki', 'TK/0', 11, 'Slip & Laborat', '2021-08-31 17:00:00', 0, NULL, 'Aktif', 54000000, 0, 0, 0, 0, 0, 0, 0, 0, 0, 0, 0, 0, 0, 0, 0, NULL, '2021-09-07 02:19:24', '2021-09-07 23:16:26', NULL),
(1162, '05131', 'SONY SHOLIQUL AMIN', 'sholiqulsony@gmail.com', '91.337.935.0.428.000', '3507251309970003', 'JL SUMBER WUNI  GANG LANGSEP NO 08 RT 02 RW 03 KALIREJO', 'Laki-laki', 'TK/0', 11, 'Forming 7', '2021-08-31 17:00:00', 0, NULL, 'Aktif', 54000000, 0, 0, 0, 0, 0, 0, 0, 0, 0, 0, 0, 0, 0, 0, 0, NULL, '2021-09-07 02:26:37', '2021-09-07 23:16:26', NULL),
(1163, '05134', 'FACHRUL ROZI DEWANTO ISWARA', 'fachruldewantoro28@gmail.com', '53.543.376.8-602.000', '3516122812970002', 'DSN KEDUNGWULAN RT 001 RW 001 DESA BEJIJONG', 'Laki-laki', 'TK/0', 11, 'Forming 4', '2021-09-12 17:00:00', 0, NULL, 'Aktif', 54000000, 0, 0, 0, 0, 0, 0, 0, 0, 0, 0, 0, 0, 0, 0, 0, NULL, '2021-09-13 09:53:52', '2021-09-14 08:17:41', NULL),
(1164, '05133', 'ERIK DWI RAMADHANI', 'erikdwiramadhani@gmail.com', '43.320.127.4-644.000', '3526031203940001', 'JL JOKOTOLE I/08 RT 001 RW 005KRATON', 'Laki-laki', 'K/0', 11, 'Kama', '2021-09-05 17:00:00', 0, NULL, 'Aktif', 0, 0, 0, 0, 0, 0, 0, 0, 0, 0, 0, 0, 0, 0, 0, 0, NULL, '2021-09-15 03:00:00', '2021-09-15 03:00:00', NULL);

-- --------------------------------------------------------

--
-- Table structure for table `migrations`
--

CREATE TABLE `migrations` (
  `id` int(10) UNSIGNED NOT NULL,
  `migration` varchar(255) COLLATE utf8mb4_unicode_ci NOT NULL,
  `batch` int(11) NOT NULL
) ENGINE=InnoDB DEFAULT CHARSET=utf8mb4 COLLATE=utf8mb4_unicode_ci;

--
-- Dumping data for table `migrations`
--

INSERT INTO `migrations` (`id`, `migration`, `batch`) VALUES
(1, '2014_10_12_000000_create_users_table', 1),
(2, '2014_10_12_100000_create_password_resets_table', 1),
(3, '2019_10_28_105750_create_payroll_table', 2);

-- --------------------------------------------------------

--
-- Table structure for table `payroll`
--

CREATE TABLE `payroll` (
  `id_payroll` int(10) UNSIGNED NOT NULL,
  `id_karyawan` int(10) UNSIGNED NOT NULL,
  `bulan` varchar(2) COLLATE utf8mb4_unicode_ci NOT NULL,
  `tahun` varchar(4) COLLATE utf8mb4_unicode_ci NOT NULL,
  `gaji_pokok` int(10) UNSIGNED DEFAULT NULL,
  `tunjangan_jabatan` int(10) UNSIGNED DEFAULT NULL,
  `pph` int(10) UNSIGNED DEFAULT NULL,
  `absen` double NOT NULL DEFAULT '0',
  `shift` double NOT NULL DEFAULT '0',
  `lembur` double NOT NULL DEFAULT '0',
  `isidental` double NOT NULL DEFAULT '0',
  `pinjaman` double NOT NULL DEFAULT '0',
  `tambahan_lain_lain` double NOT NULL DEFAULT '0',
  `ket_absen` varchar(191) COLLATE utf8mb4_unicode_ci DEFAULT NULL,
  `ket_cuti` varchar(191) COLLATE utf8mb4_unicode_ci DEFAULT NULL,
  `ket_isidental` varchar(191) COLLATE utf8mb4_unicode_ci DEFAULT NULL,
  `ket_izin` varchar(191) COLLATE utf8mb4_unicode_ci DEFAULT NULL,
  `ket_lain_lain` varchar(191) COLLATE utf8mb4_unicode_ci DEFAULT NULL,
  `ket_lembur_4jam` varchar(191) COLLATE utf8mb4_unicode_ci DEFAULT NULL,
  `ket_lembur_8jam` varchar(191) COLLATE utf8mb4_unicode_ci DEFAULT NULL,
  `ket_sakit` varchar(191) COLLATE utf8mb4_unicode_ci DEFAULT NULL,
  `ket_pinjaman` varchar(191) COLLATE utf8mb4_unicode_ci DEFAULT NULL,
  `total_gaji` double NOT NULL DEFAULT '0',
  `is_sent_email` tinyint(1) NOT NULL DEFAULT '0',
  `bpjs_kesehatan_in` float NOT NULL DEFAULT '0',
  `bpjs_jkk_in` float NOT NULL DEFAULT '0',
  `bpjs_jkm_in` float NOT NULL DEFAULT '0',
  `bpjs_jht_in` float NOT NULL DEFAULT '0',
  `bpjs_jp_in` float NOT NULL DEFAULT '0',
  `bpjs_kesehatan_p_out` float NOT NULL DEFAULT '0',
  `bpjs_jkk_p_out` float NOT NULL DEFAULT '0',
  `bpjs_jkm_p_out` float NOT NULL DEFAULT '0',
  `bpjs_jht_p_out` float NOT NULL DEFAULT '0',
  `bpjs_jp_p_out` float NOT NULL DEFAULT '0',
  `bpjs_kesehatan_out` float NOT NULL DEFAULT '0',
  `bpjs_jkk_out` float NOT NULL DEFAULT '0',
  `bpjs_jkm_out` float NOT NULL DEFAULT '0',
  `bpjs_jht_out` float NOT NULL DEFAULT '0',
  `bpjs_jp_out` int(11) NOT NULL DEFAULT '0',
  `sisa_cuti` smallint(6) DEFAULT NULL,
  `created_at` timestamp NULL DEFAULT NULL,
  `updated_at` timestamp NULL DEFAULT NULL
) ENGINE=InnoDB DEFAULT CHARSET=utf8mb4 COLLATE=utf8mb4_unicode_ci;

-- --------------------------------------------------------

--
-- Table structure for table `pph`
--

CREATE TABLE `pph` (
  `id_pph` int(11) NOT NULL,
  `id_payroll` int(11) NOT NULL,
  `id_karyawan` int(11) NOT NULL,
  `gaji_pokok` int(11) NOT NULL,
  `tunjangan_jabatan` int(11) NOT NULL,
  `lembur` int(11) NOT NULL,
  `shift` int(11) NOT NULL,
  `absen` int(11) NOT NULL,
  `tunjangan_kesehatan` int(11) NOT NULL,
  `tunjangan_jkk` int(11) NOT NULL,
  `tunjangan_jkm` int(11) NOT NULL,
  `potongan_tunjangan_jabatan` int(11) NOT NULL,
  `potongan_jht` int(11) NOT NULL,
  `potongan_jp` int(11) NOT NULL,
  `gaji_bersih` int(11) NOT NULL,
  `ptkp` int(11) UNSIGNED DEFAULT NULL,
  `pkp` int(11) UNSIGNED DEFAULT NULL,
  `pph` int(10) UNSIGNED DEFAULT NULL,
  `created_at` timestamp NULL DEFAULT CURRENT_TIMESTAMP,
  `updated_at` timestamp NULL DEFAULT CURRENT_TIMESTAMP ON UPDATE CURRENT_TIMESTAMP
) ENGINE=InnoDB DEFAULT CHARSET=latin1;

-- --------------------------------------------------------

--
-- Table structure for table `thr`
--

CREATE TABLE `thr` (
  `id_thr` int(10) UNSIGNED NOT NULL,
  `id_karyawan` int(10) UNSIGNED NOT NULL,
  `tgl_thr` date DEFAULT NULL,
  `thr_bruto` int(10) UNSIGNED DEFAULT NULL COMMENT 'gaji pokok + tunjangan jabatan',
  `thr_netto` int(10) UNSIGNED DEFAULT NULL COMMENT '-5%',
  `gaji_pokok_tahun` int(10) UNSIGNED DEFAULT NULL,
  `pph` int(11) DEFAULT NULL
) ENGINE=InnoDB DEFAULT CHARSET=latin1;

-- --------------------------------------------------------

--
-- Table structure for table `users`
--

CREATE TABLE `users` (
  `id` bigint(20) UNSIGNED NOT NULL,
  `name` varchar(191) COLLATE utf8mb4_unicode_ci NOT NULL,
  `email` varchar(191) COLLATE utf8mb4_unicode_ci NOT NULL,
  `email_verified_at` timestamp NULL DEFAULT NULL,
  `password` varchar(191) COLLATE utf8mb4_unicode_ci NOT NULL,
  `remember_token` varchar(100) COLLATE utf8mb4_unicode_ci DEFAULT NULL,
  `created_at` timestamp NULL DEFAULT NULL,
  `updated_at` timestamp NULL DEFAULT NULL
) ENGINE=InnoDB DEFAULT CHARSET=utf8mb4 COLLATE=utf8mb4_unicode_ci;

--
-- Dumping data for table `users`
--

INSERT INTO `users` (`id`, `name`, `email`, `email_verified_at`, `password`, `remember_token`, `created_at`, `updated_at`) VALUES
(1, 'Yuani Wondo', 'yuani@toto.co.id', NULL, '$2y$10$AO4oN1E4Y5AgyO8RqdOdBO2XT2dDy5cDd7v3VyHMymBmVHSPemdHS', 'Ha4T98drbbPqAVc38Vz5gkxLY4abXIsnalNpiR38WyVAnLTxPo5o4NOv1Xpq', '2019-10-26 23:25:10', '2019-10-27 16:12:55');

-- --------------------------------------------------------

--
-- Table structure for table `variables`
--

CREATE TABLE `variables` (
  `id` int(10) UNSIGNED NOT NULL,
  `nama` varchar(191) COLLATE utf8mb4_unicode_ci NOT NULL,
  `label` varchar(191) COLLATE utf8mb4_unicode_ci NOT NULL,
  `value` varchar(191) COLLATE utf8mb4_unicode_ci NOT NULL
) ENGINE=InnoDB DEFAULT CHARSET=utf8mb4 COLLATE=utf8mb4_unicode_ci;

--
-- Dumping data for table `variables`
--

INSERT INTO `variables` (`id`, `nama`, `label`, `value`) VALUES
(7, 'base_url_api', 'Base URL API', '192.168.10.50/hris'),
(8, 'username', 'Username API', 'admin@admin.com'),
(9, 'password', 'password API', 'admin123'),
(10, 'uang_makan', 'Uang Makan', '18000'),
(11, 'uang_panggilan', 'Uang Panggilan', '100000'),
(13, 'subject_email', 'Subject Email', 'Testing Slip Gaji SPN'),
(14, 'alamat_email_pengirim', 'Alamat Email Pengirim', 'santridigital1011@gmail.com'),
(15, 'password_email_pengirim', 'Password Email Pengirim', 'S@ntr1011'),
(16, 'nama_email_pengirim', 'Nama Email Pengirim', 'SPN'),
(17, 'body_email', 'Body Email', 'Ini adalah uji coba pengiriman slip gaji menggunakan aplikasi baru'),
(18, 'uang_lembur_4jam', 'Uang lembur per 4 jam', '150000'),
(19, 'npwp_perusahaan', 'Npwp Perusahaan', '315279240611000'),
(20, 'nama_perusahaan', 'Nama Perusahaan', 'PT. SURYA PERTIWI NUSANTARA'),
(21, 'npwp_direktur', 'Npwp Direktur', '597772359604000'),
(22, 'nama_direktur', 'Nama Direktur', 'ANTOK HANDOKO'),
(23, 'gambar_ttd_pph', 'Gambar Ttd Pph', ''),
(24, 'pkp_1_npwp', 'PKP Rp 50.000.000 - NPWP', '5'),
(25, 'pkp_2_npwp', 'PKP Rp 250.000.000 - NPWP', '15'),
(26, 'pkp_3_npwp', 'PKP Rp 500.000.000 - NPWP', '25'),
(27, 'pkp_4_npwp', 'PKP > Rp 500.000.000 - NPWP', '30'),
(28, 'pkp_1_non_npwp', 'PKP Rp 50.000.000 - Non NPWP', '6'),
(29, 'pkp_2_non_npwp', 'PKP Rp 250.000.000 - Non NPWP', '18'),
(30, 'pkp_3_non_npwp', 'PKP Rp 500.000.000 - Non NPWP', '30'),
(31, 'pkp_4_non_npwp', 'PKP > Rp 500.000.000 - Non NPWP', '36'),
(32, 'gambar_ttd_pph', 'Gambar TTD', 'ttd_bukti_potong_pph.png');

--
-- Indexes for dumped tables
--

--
-- Indexes for table `bukti_potong_pph`
--
ALTER TABLE `bukti_potong_pph`
  ADD PRIMARY KEY (`id`),
  ADD KEY `id_karyawan` (`id_karyawan`);

--
-- Indexes for table `jabatan`
--
ALTER TABLE `jabatan`
  ADD PRIMARY KEY (`id_jabatan`);

--
-- Indexes for table `karyawan`
--
ALTER TABLE `karyawan`
  ADD PRIMARY KEY (`id_karyawan`),
  ADD UNIQUE KEY `karyawan_prn_unique` (`prn`),
  ADD KEY `karyawan_id_jabatan_foreign` (`id_jabatan`);

--
-- Indexes for table `migrations`
--
ALTER TABLE `migrations`
  ADD PRIMARY KEY (`id`);

--
-- Indexes for table `payroll`
--
ALTER TABLE `payroll`
  ADD PRIMARY KEY (`id_payroll`),
  ADD KEY `payroll_id_karyawan_foreign` (`id_karyawan`);

--
-- Indexes for table `pph`
--
ALTER TABLE `pph`
  ADD PRIMARY KEY (`id_pph`);

--
-- Indexes for table `thr`
--
ALTER TABLE `thr`
  ADD PRIMARY KEY (`id_thr`),
  ADD KEY `id_karyawan` (`id_karyawan`);

--
-- Indexes for table `users`
--
ALTER TABLE `users`
  ADD PRIMARY KEY (`id`),
  ADD UNIQUE KEY `users_email_unique` (`email`);

--
-- Indexes for table `variables`
--
ALTER TABLE `variables`
  ADD PRIMARY KEY (`id`);

--
-- AUTO_INCREMENT for dumped tables
--

--
-- AUTO_INCREMENT for table `bukti_potong_pph`
--
ALTER TABLE `bukti_potong_pph`
  MODIFY `id` int(11) NOT NULL AUTO_INCREMENT, AUTO_INCREMENT=3;

--
-- AUTO_INCREMENT for table `jabatan`
--
ALTER TABLE `jabatan`
  MODIFY `id_jabatan` int(10) UNSIGNED NOT NULL AUTO_INCREMENT, AUTO_INCREMENT=12;

--
-- AUTO_INCREMENT for table `karyawan`
--
ALTER TABLE `karyawan`
  MODIFY `id_karyawan` int(10) UNSIGNED NOT NULL AUTO_INCREMENT, AUTO_INCREMENT=1165;

--
-- AUTO_INCREMENT for table `migrations`
--
ALTER TABLE `migrations`
  MODIFY `id` int(10) UNSIGNED NOT NULL AUTO_INCREMENT, AUTO_INCREMENT=4;

--
-- AUTO_INCREMENT for table `payroll`
--
ALTER TABLE `payroll`
  MODIFY `id_payroll` int(10) UNSIGNED NOT NULL AUTO_INCREMENT;

--
-- AUTO_INCREMENT for table `pph`
--
ALTER TABLE `pph`
  MODIFY `id_pph` int(11) NOT NULL AUTO_INCREMENT;

--
-- AUTO_INCREMENT for table `thr`
--
ALTER TABLE `thr`
  MODIFY `id_thr` int(10) UNSIGNED NOT NULL AUTO_INCREMENT;

--
-- AUTO_INCREMENT for table `users`
--
ALTER TABLE `users`
  MODIFY `id` bigint(20) UNSIGNED NOT NULL AUTO_INCREMENT, AUTO_INCREMENT=2;

--
-- AUTO_INCREMENT for table `variables`
--
ALTER TABLE `variables`
  MODIFY `id` int(10) UNSIGNED NOT NULL AUTO_INCREMENT, AUTO_INCREMENT=33;

--
-- Constraints for dumped tables
--

--
-- Constraints for table `bukti_potong_pph`
--
ALTER TABLE `bukti_potong_pph`
  ADD CONSTRAINT `bukti_potong_pph_ibfk_1` FOREIGN KEY (`id_karyawan`) REFERENCES `karyawan` (`id_karyawan`) ON DELETE CASCADE ON UPDATE CASCADE;

--
-- Constraints for table `karyawan`
--
ALTER TABLE `karyawan`
  ADD CONSTRAINT `id_jabatan_fk` FOREIGN KEY (`id_jabatan`) REFERENCES `jabatan` (`id_jabatan`) ON DELETE SET NULL ON UPDATE CASCADE;

--
-- Constraints for table `payroll`
--
ALTER TABLE `payroll`
  ADD CONSTRAINT `payroll_id_karyawan_foreign` FOREIGN KEY (`id_karyawan`) REFERENCES `karyawan` (`id_karyawan`) ON DELETE CASCADE ON UPDATE CASCADE;

--
-- Constraints for table `thr`
--
ALTER TABLE `thr`
  ADD CONSTRAINT `thr_ibfk_1` FOREIGN KEY (`id_karyawan`) REFERENCES `karyawan` (`id_karyawan`) ON DELETE NO ACTION ON UPDATE CASCADE;
COMMIT;

/*!40101 SET CHARACTER_SET_CLIENT=@OLD_CHARACTER_SET_CLIENT */;
/*!40101 SET CHARACTER_SET_RESULTS=@OLD_CHARACTER_SET_RESULTS */;
/*!40101 SET COLLATION_CONNECTION=@OLD_COLLATION_CONNECTION */;
